1869,9,wprowadzenie akcja do obrot na gpw,1
1870,23,zakonczenie oferta akcja seria nad,1
1871,23,wykaz akcjonariusz posiadajacy co malo 5  na nwz,1
1872,26,zawiadomienie o transakcja osoba zobowiazana,0
1873,7,zmiana stan posiadanie akcja,0
1874,23,udzielic gwarancja przez jednostka zalezny,1
1875,7,zmiana stan posiadanie akcja,1
1876,23,ogloszenie o zwolanie zwyczajny walny zgromadzenie,0
1877,23,podpisac list intencyjny,0
1878,23,raport roczny,1
1879,23,strona list intencyjny oraz porozumienie o wspolpraca,1
1880,23,tresc uchwala nwza ktory odbyc siebie dzien 16 marzec 2009 rok,0
1881,23,wykaz akcjonariusz,0
1882,23,zatwierdzenie projekt probny eksploatacja zloze zubantam,0
1883,23,termin publikacja raport okresowy w 2009 rok,1
1884,26,zawiadomienie o transakcja osoba zobowiazana,1
1885,23,zawarcie umowy znaczacy,1
1886,23,podjecie uchwala w sprawa emisja akcja seria f,0
1887,23,ustanowic zastaw na aktywa znaczny wartosc,1
1888,23,ogloszenie o zwolanie nwz,1
1889,23,skonsolidowac raport kwartalny qsr,1
1890,23,rejestracja warunkowe podwyzszenie kapital zakladowy,0
1891,23,projekt uchwala nwz zwolac na 24 pazdziernik 2008 rok,0
1892,23,projekt uchwala zwz,1
1893,23,powolanie osoba nadzorowac,1
1894,23,tresc uchwala zwz z 30 czerwiec 2009 rok,1
1895,23,ogloszenie o zwolanie nwz,1
1896,23,komentarz zarzad w zwiazek z przerwa w obrada nwza,0
1897,23,rejestracja podwyzszenie kapital zakladowy,1
1898,23,rezygnacja oraz powolanie osoba zarzadzajaca,0
1899,23,raport roczny,0
1900,9,wprowadzenie akcja do obrot na gpw,1
1901,23,zawarcie przez spolka umowy znaczacy,0
1902,26,zawiadomienie o transakcja osoba zobowiazana,1
1903,23,aneks do znaczacy umowy,1
1904,23,informacja o transakcja,0
1905,23,tresc uchwala zwza z 26 czerwiec 2008 rok,1
1906,23,akcjonariusz   5   liczba glos na nwza,1
1907,23,ogloszenie o zwolanie nwz,0
1908,23,zawarcie umowic znaczacy   korekta raport,1
1909,23,nabycie przez aktyw znaczny wartosc,1
1910,5,raport okresowy qsr,1
1911,23,wniosek o zatwierdzenie dokument rejestracyjny spolka,1
1912,23,projekt uchwala zwza 26 czerwiec 2008 rok,1
1913,23,podjecie uchwala w sprawa emisja akcja seria nad,1
1914,23,spelnienie warunek dotyczyc zawrzec znaczacy umowic,0
1915,26,zawiadomienie o transakcja osoba zobowiazana,1
1916,23,podjecie uchwala w sprawa emisja akcja seria kolo,1
1917,23,zawarcie umowy znaczacy,1
1918,23,rezygnacja osoba nadzorowac,1
1919,7,zmiana stan posiadanie akcja,1
1920,23,zakonczenie oferta akcja seria nad,1
1921,23,transakcja osoba maic dostep do informacja poufny,1
1922,23,sprawozdanie zarzad wraz z opinia biegly rewident,0
1923,26,zawiadomienie o transakcja osoba zobowiazana,1
1924,23,spelnienie siebie warunek dotyczyc umowic warunkowy,0
1925,23,uzyskac wynik oprobowania odwiert g 4d,1
1926,23,zawarcie aneks do umowic znaczacy,0
1927,23,spelnienie siebie warunek dotyczyc zawrzec znaczacy umowy warunkowy,0
1928,23,skonsolidowac raport roczny,0
1929,23,uchwala rn w sprawa regulamin program motywacyjny,0
1930,7,zmiana stan posiadanie akcja,0
1931,7,zmiana stan posiadanie akcja,1
1932,23,zakonczenie oferta akcja seria q i r  zawarcie znaczacy umowy,0
1933,23,wykonanie umowic znaczacy,1
1934,7,zmiana stan posiadanie akcja,1
1935,7,zmiana stan posiadanie akcja,1
1936,23,warunkowy rejestracja akcja w kdpw,0
1937,23,podpisac przez too erkin oil aneks do kontrakt na poszukiwanie weglowodor,1
1938,23,tresc uchwala nwz z 7 maja 2009 rok,1
1939,7,zmiana stan posiadanie akcja,1
1940,5,raport okresowy qsr,1
1941,23,sprawozdanie zarzad wraz z opinia biegly rewident,0
1942,23,rezygnacja osoba nadzorowac,1
1943,23,skonsolidowac sprawozdanie finansowy,1
1944,26,zawiadomienie o transakcja osoba zobowiazana,1
1945,23,wybor biegly rewident,1
1946,23,wybor biegly rewident,0
1947,23,warunkowy rejestracja akcja w kdpw,0
1948,7,zmiana stan posiadanie akcja,1
1949,23,zawarcie umowic znaczacy,0
1950,23,udzielic gwarancja przez jednostka zalezny,0
1951,23,ogloszenie o zwolanie nwz,1
1952,23,ustanowic przez spolka zastaw na aktywa znaczny wartosc,1
1953,23,podpisac aneks do kontrakt,1
1954,23,zakonczenie oferta akcja seria d,1
1955,23,rejestracja w kdpw akcja seria d,1
1956,23,wykonanie umowic znaczacy   korekta,1
1957,23,rejestracja podwyzszenie kapital zakladowy,1
1958,7,zmiana stan posiadanie akcja,0
1959,23,zawarcie umowy znaczacy,1
1960,23,informacja o transakcja,0
1961,23,tresc uchwala nwza,1
1962,23,zwolanie nwza,1
1963,23,zakonczenie oferta akcja seria kolo,1
1964,23,zawarcie umowic w sprawa zbycie aktyw w federacja rosyjski,1
1965,23,otrzymac wycena zasoby kontrolowany,0
1966,23,otrzymac raport niezalezny ekspert wedlug stan na lipiec,0
1967,23,harmonogram raport okresowy w 2007 rok,1
1968,23,otrzymac raport mcdaniel & associates consultants ltd.,0
1969,23,akcjonariusz 5  liczba glos na nwza,0
1970,23,rejestracja akcja seria co w kdpw,0
1971,7,zmiana stan posiadanie akcja,1
1972,23,informacja poufny   podpisac list intencyjny,0
1973,23,rejestracja podwyzszenie kapital zakladowy,0
1974,23,podpisac aneks do koncesja na poszukiwanie weglowodor,1
1975,23,zmniejszenie obowiazkowy roczny program roboczy dla kontrakt otg,1
1976,7,zmiana stan posiadanie akcja,0
1977,23,termin publikacja raport okresowy w 2008 r.,1
1978,23,wykaz informacja przekazac do wiadomosci w 2007 rok,1
1979,23,warunkowy rejestracja akcja seria d w kdpw,0
1980,23,zmiana termin publikacja raport roczny,0
1981,23,emisja warrant subskrypcyjny,0
1982,23,projekt uchwala nwz zwolac na 31 lipiec 2009 rok,0
1983,23,wprowadzenie do obrot gieldowy akcja seria co,1
1984,23,projekt uchwala nwza zwolac na 29 kwietni 2008 rok,1
1985,23,informacja poufny   podpisac aneks,1
1986,23,podpisac aneks do koncesja na poszukiwanie weglowodor,0
1987,23,projekt uchwala nwz zwolac na 07 maja 2009 r.,0
1988,23,projekt uchwala nwz zwolac na 16 marzec 2009 rok,1
1989,23,akcjonariusz posiadajacy 5   liczba glos na wza,1
1990,23,zawarcie porozumienie o wspolpraca,1
1991,7,zmiana stan posiadanie akcja,1
1992,23,rejestracja podwyzszenie kapital zakladowy,1
1993,23,informacja dotyczyc stosowac zasada lad korporacyjny,0
1994,23,tresc uchwala nwza,1
1995,23,aneks do koncesja na poszukiwanie weglowodor,1
1996,23,zawarcie umowy o swiadczenie usluga zwiazac z oferta akcja zwykly seria d,1
1997,26,zawiadomienie o transakcja osoba zobowiazana,0
1998,23,raport mcdaniel & associates consultants ltd.,0
1999,5,raport okresowy qsr,1
2000,23,informacja o zakonczony subskrypcja akcja seria d,0
2001,23,ogloszenie o zwolanie nwz,0
2002,23,zawarcie umowy znaczacy,0
2003,23,przyjecie do depozyt akcja seria co w kdpw,1
2004,23,ocena zasoby perspektywiczny na obszar kontrakt otg,0
2005,23,nabycie udzial w spolka too emba juga nieft,0
2006,23,podpisac list intencyjny w sprawa nabycie spolka,1
2007,23,ogloszenie o zwolanie zwyczajny walny zgromadzenie,0
2008,23,zakonczenie oferta akcja seria l  zawarcie umowy znaczacy,1
2009,23,projekt uchwala nwz zwolac na 5 wrzesnia 2008 rok,1
2010,23,ogloszenie o zwolanie nwz,1
2011,23,zakonczenie oferta akcja seria metr,1
2012,23,decyzja o przedluzenie okres poszukiwawczy kontrakt otg,0
2013,23,informacja o transakcja,1
2014,23,informacja poufny   wynik oprobowania odwiert,0
2015,23,tresc uchwala nwza  ktory odbyc siebie 24 pazdziernik 2008 rok,1
2016,23,zakonczenie oferta akcja seria f,0
2017,5,raport okresowy qsr,1
2018,23,informacja o transakcja osoba zobowiazana,1
2019,23,zawiadomienie o zmiana stan posiadanie akcja spolka,1
2020,23,zawiadomienie o zmiana stan posiadanie akcja,0
2021,23,dopuscic i wprowadzenie do obrot akcja seria d,1
2022,23,skonsolidowac raport roczny,1
2023,23,podpisac aneks do kontrakt,1
2024,23,oswiadczenie zarzad,1
2025,23,spelnienie siebie warunek dot. zawrzec znaczacy umowic warunkowy,1
2026,23,rejestracja podwyzszenie kapital zakladowy,0
2027,23,zawarcie umowic w sprawa przelew wierzytelnosc spolka,0
2028,7,zmiana stan posiadanie akcja,1
2029,23,emisja warrant subskrypcyjny oraz akcja seria to,0
2030,26,zawiadomienie o transakcja osoba zobowiazana,1
2031,7,zmiana stan posiadanie akcja,1
2032,23,udzielic opcja objecia nowoemitowanych akcja,1
2033,23,zaoferowac i objecie warrant subskrypcyjny,1
2034,26,zawiadomienie o transakcja osoba zobowiazana,1
2035,7,zmiana stan posiadanie akcja,1
2036,23,zakonczenie oferta akcja seria to,0
2037,26,zawiadomienie o transakcja osoba zobowiazana,1
2038,7,zmiana stan posiadanie akcja,1
2039,23,udzielic opcja objecia nowoemitowanych akcja spolka,1
2040,23,zawarcie umowy znaczacy,0
2041,23,warunkowy rejestracja akcja w kdpw,0
2042,23,zawarcie umowic znaczacy,0
2043,9,wprowadzenie akcja do obrot na gpw,1
2044,23,decyzja o przedluzenie okres poszukiwawczy kontrakt emba,1
2045,5,raport okresowy qsr,1
2046,23,rejestracja podwyzszenie kapital zakladowy,0
2047,23,zawarcie ramowy umowy o wspolpraca z pgnig,0
2048,25,informowac,0
2049,7,zmiana stan posiadanie akcja,1
2050,23,zadanie przeniesienie akcja i wezwanie do zaoferowac akcja spolka,1
2051,23,podjecie uchwala w sprawa emisja warrant,1
2052,23,zawiadomienie o sprzedaz akcja,1
2053,23,warunkowy rejestracja akcja w kdpw,1
2054,23,zakonczenie oferta akcja seria u  zawarcie umowy znaczacy,1
2055,23,ogloszenie o zwolanie nwz,1
2056,23,rejestracja podwyzszenie kapital zakladowy,0
2057,23,podjecie uchwala w sprawa emisja akcja seria sekunda,1
2058,23,zmiana w porzadek obrada nwz w dzien 30 grudzien 2009 r.,1
2059,23,zaktualizowac opinia zarzad,1
2060,7,zmiana stan posiadanie akcja,1
2061,23,warunkowy rejestracja akcja w kdpw,1
2062,23,zakonczenie oferta akcja seria sekunda,0
2063,23,tresc uchwala nwz 30 grudzien 2009 rok,1
2064,23,wykaz akcjonariusz posiadajacy co malo 5  liczba glos na nwz z 30 grudzien 2009 rok,1
2065,7,zmiana stan posiadanie akcja,1
2066,26,zawiadomienie o transakcja osoba zobowiazana,1
2067,23,zaoferowac i objecie warrant subskrypcyjny uprawniac do objecia akcja seria pan,1
2068,23,termin publikacja raport okresowy w 2010 r.,1
2069,26,zawiadomienie o transakcja osoba zobowiazana,1
2070,9,wprowadzenie akcja do obrot na gpw,1
2071,23,rejestracja warunkowe podwyzszenie kapital zakladowy,1
2072,23,rejestracja podwyzszenie kapital zakladowy,1
2073,23,zadanie przeniesienie akcja i wezwanie do zaoferowac akcja,0
2074,23,zaoferowac i objecie warrant subskrypcyjny,0
2075,26,zawiadomienie o transakcja osoba zobowiazana,1
2076,7,zmiana stan posiadanie akcja,1
2077,23,warunkowy rejestracja akcja w kdpw,0
2078,23,podjecie decyzja o finansowac przez zarzad eboir,0
2079,9,wprowadzenie akcja do obrot na gpw,0
2080,23,zawarcie umowy farm out z total e&p koblandy,0
2081,23,dopuscic i wprowadzenie do obrot gieldowy akcja seria vel,1
2082,23,zaoferowac i objecie warrant subskrypcyjny,1
2083,23,saldo kredyt,1
2084,23,zawarcie umowy znaczacy,1
2085,23,skonsolidowac raport roczny,1
2086,23,raport roczny,1
2087,9,wprowadzenie akcja do obrot na gpw,1
2088,9,wprowadzenie akcja do obrot na gpw,1
2089,7,zmiana stan posiadanie akcja,1
2090,26,zawiadomienie o transakcja osoba zobowiazana,1
2091,9,wprowadzenie akcja do obrot na gpw,0
2092,23,decyzja o przedluzenie okres poszukiwawczy kontrakt otg,1
2093,23,umowa kredytowy z europejski bank odbudowa i rozwoj,1
2094,26,zawiadomienie o transakcja osoba zobowiazana,1
2095,26,zawiadomienie o transakcja osoba zobowiazana,1
2096,7,zmiana stan posiadanie akcja,1
2097,7,zmiana stan posiadanie akcja,0
2098,26,zawiadomienie o transakcja osoba zobowiazana,0
2099,7,zmiana stan posiadanie akcja,1
2100,26,zawiadomienie o transakcja osoba zobowiazana,1
2101,23,wykaz informacja przekazac do wiadomosci w 2009 r.,1
2102,23,transakcja na akcja,1
2103,23,transakcja na akcja,1
2104,7,zmiana stan posiadanie akcja,1
2105,23,raport okresowy kwartalny skonsolidowac 1/2010 qsr,0
2106,23,zawarcie umowy znaczacy,0
2107,23,zwolanie nwza,0
2108,23,zwolanie zwz,1
2109,23,rezygnacja osoba zarzadzajacy,0
2110,23,powolanie osoba zarzadzajaca,0
2111,23,powolanie osoba zarzadzajaca,0
2112,23,zaoferowac i objecie warrant subskrypcyjny oraz objecie akcja seria vel,0
2113,9,wprowadzenie akcja do obrot na gpw,1
2114,26,zawiadomienie o transakcja osoba zobowiazana,1
2115,7,zmiana stan posiadanie akcja,1
2116,23,tresc uchwala nwz 25 czerwiec 2010 rok,0
2117,23,akcjonariusz   5  liczba glos na nwz,0
2118,23,powolanie osoba nadzorowac,0
2119,23,wykaz akcjonariusz na zwz 30 czerwiec 2010 rok,0
2120,23,powolanie osoba zarzadzajaca,0
2121,23,tresc uchwala zwz z 30 czerwiec 2010 rok,0
2122,23,powolanie osoba nadzorowac,0
2123,26,zawiadomienie o transakcja osoba zobowiazana,1
2124,23,zmiana w organ zarzadzajacy oraz nadzorowac,0
2125,7,zmiana stan posiadanie akcja,1
2126,26,zawiadomienie o transakcja osoba zobowiazana,1
2127,23,wybor podmiot uprawniony do badanie sprawozdanie finansowy,0
2128,23,zaoferowac i objecie warrant subskrypcyjny iii transza,0
2129,9,wprowadzenie akcja do obrot na gpw,1
2130,23,wprowadzenie akcja do obrot,1
2131,23,zaoferowac i objecie warrant subskrypcyjny,1
2132,9,wprowadzenie akcja do obrot na gpw,1
2133,23,przeniesienie uprawnienia do objecia warrant subskrypcyjny iii transza,0
2134,23,objecie warrant subskrypcyjny iii i iv transza,0
2135,23,zawarcie umowy znaczacy,1
2136,7,zmiana stan posiadanie akcja,0
2137,26,zawiadomienie o transakcja osoba zobowiazana,1
2138,7,zmiana stan posiadanie akcja,1
2139,23,raport okresowy polroczny za 2010 psr,0
2140,23,powolanie osoba nadzorowac i zarzadzajacy,1
2141,23,zawarcie umowy przeniesienie,1
2142,23,zadanie przeniesienie akcja i wezwanie do zaoferowac akcja,0
2143,23,zawarcie umowy przedwstepny,1
2144,9,wprowadzenie akcja do obrot na gpw,1
2145,9,wprowadzenie akcja do obrot na gpw,1
2146,7,zmiana stan posiadanie akcja,1
2147,26,zawiadomienie o transakcja osoba zobowiazana,1
2148,7,zmiana stan posiadanie akcja,0
2149,26,zawiadomienie o transakcja osoba zobowiazana,0
2150,23,ogloszenie o zwolanie nwz,1
2151,23,podpisac aneks do kontrakt z too oiltechnogroup,0
2152,23,powolanie osoba nadzorowac,1
2153,23,tresc uchwala nwz z 30 pazdziernik 2010 rok,1
2154,23,wykaz akcjonariusz na nwz z 30 pazdziernik 2010 rok,1
2155,23,raport okresowy kwartalny skonsolidowac 3/2010 qsr,1
2156,7,zmiana stan posiadanie akcja,1
2157,23,zgloszenie dokonanie bezposredni inwestycja,1
2158,26,zawiadomienie o transakcja osoba zobowiazana,1
2159,23,informacja poufny,1
2160,23,warunkowy rejestracja akcja w kdpw,1
2161,9,wprowadzenie akcja do obrot na gpw,1
2162,23,decyzja o przedluzenie okres poszukiwawczy kontrakt profit,1
2163,23,realizacja warunek umowy znaczacej  zawarcie umowy przeniesienie wierzytelnosc,1
2164,9,wprowadzenie akcja do obrot na gpw,0
2165,7,zmiana stan posiadanie akcja,1
2166,26,zawiadomienie o transakcja osoba zobowiazana,1
2167,23,podpisac umowy inwestycyjny oraz nabycie udzial,1
2168,23,umowa z dominowac akcjonariusz,1
2169,23,zaoferowac i objecie warrant subskrypcyjny oraz objecie akcja seria bar,1
2170,9,wprowadzenie akcja do obrot na gpw,0
2171,23,zaoferowac i objecie warrant subskrypcyjny,1
2172,9,wprowadzenie akcja do obrot na gpw,1
2173,23,termin publikacja raport okresowy w 2011 rok,1
2174,7,zmiana stan posiadanie akcja,1
2175,23,zaoferowac i objecie warrant subskrypcyjny uprawniac do objecia akcja seria bar,0
2176,26,zawiadomienie o transakcja osoba zobowiazana,0
2177,7,zmiana stan posiadanie akcja,0
2178,9,wprowadzenie akcja do obrot na gpw,0
2179,23,zmiana termin publikacja raport okresowy w 2011 rok,1
2180,7,zmiana stan posiadanie akcja,1
2181,26,zawiadomienie o transakcja osoba zobowiazana,1
2182,7,zmiana stan posiadanie akcja,1
2183,26,zawiadomienie o transakcja osoba zobowiazana,1
2184,23,raport okresowy kwartalny skonsolidowac 4/2010 qsr,0
2185,23,  zaoferowac i objecie warrant,0
2186,9,wprowadzenie akcja do obrot na gpw,1
2187,26,zawiadomienie o transakcja osoba zobowiazana,1
2188,7,zmiana stan posiadanie akcja,1
2189,23,zaoferowac i objecie warrant subskrypcyjny,0
2190,26,zawiadomienie o transakcja osoba zobowiazana,0
2191,7,zmiana stan posiadanie akcja,0
2192,23,ogloszenie o zwolanie nwz,1
2193,9,wprowadzenie akcja do obrot na gpw,1
2194,7,zmiana stan posiadanie akcja,0
2195,26,zawiadomienie o transakcja osoba zobowiazana,0
2196,26,zawiadomienie o transakcja osoba zobowiazana,0
2197,23,ogloszenie o zwolanie nwz,1
2198,23,wykaz akcjonariusz na nwza,0
2199,23,nwz z dzien 16 kwietni 2011 rok,0
2200,23,umowa o pozyskanie finansowac z prokom investments,0
2201,23,raport okresowy roczny za 2010 rok,1
2202,23,raport okresowy roczny skonsolidowac za 2010 rs,1
2203,23,tresc uchwala nwz 9 maja 2011 rok,1
2204,23,wykaz akcjonariusz na nwz w dzien 9 maja 2011 rok,1
2205,23,  rejestracja warunkowe podwyzszenie kapital,0
2206,23,raport okresowy kwartalny skonsolidowac 1/2011 qsr,1
2207,23,warunkowy rejestracja akcja w kdpw,1
2208,23,wykaz informacja przekazac do wiadomosci w 2010 rok,1
2209,9,wprowadzenie akcja do obrot na gpw,0
2210,23,zaoferowac i objecie warrant subskrypcyjny,1
2211,23,rezygnacja osoba nadzorowac,1
2212,9,wprowadzenie akcja do obrot na gpw,1
2213,23,uzyskac nowy dany geologiczny dla struktura koblandy,0
2214,23,ogloszenie o zwolanie zwz,1
2215,26,zawiadomienie o transakcja osoba zobowiazana,1
2216,7,zmiana stan posiadanie akcja,1
2217,23,otrzymac koncesja na poszukiwanie zloze ropa,1
2218,23,zaoferowac i objecie warrant subskrypcyjny,1
2219,23,zaoferowac i objecie warrant subskrypcyjny,0
2220,7,zmiana stan posiadanie akcja,0
2221,26,zawiadomienie o transakcja osoba zobowiazana,0
2222,9,wprowadzenie akcja do obrot na gpw,1
2223,23,otrzymac koncesja na poszukiwanie zloze ropa naftowy i gaz ziemny przez silurian sp. z o.o.,0
2224,23,zaoferowac i objecie warrant subskrypcyjny,1
2225,9,wprowadzenie akcja do obrot na gpw,1
2226,23,zaoferowac i objecie warrant subskrypcyjny,0
2227,9,wprowadzenie akcja do obrot na gpw,1
2228,23,powolanie osoba nadzorowac,0
2229,23,tresc uchwala zwz ktory odbyc siebie dzien 30 czerwiec 2011 rok,0
2230,23,akcjonariusz 5  liczba glos na zwz 30 czerwiec 2011 rok,0
2231,23,zaoferowac i objecie warrant subskrypcyjny uprawniac do objecia akcja seria co,1
2232,26,zawiadomienie o transakcja osoba zobowiazana,1
2233,9,wprowadzenie akcja do obrot na gpw,1
2234,23,otrzymac koncesja na poszukiwanie zloze ropa naftowy i gaz ziemny przez silurian sp. z o.o.,1
2235,23,podpisac umowy o wspolny inwestycja,1
2236,23,przeniesienie koncesja na poszukiwanie zloze ropa,0
2237,23,umowa nabycie udzial w spolka pomorski farma wiatrowy sp. z o.o.,0
2238,23,podpisac umowy zobowiazywac do sprzedaz udzial w spolka too company profit,0
2239,23,podpisac umowy zobowiazywac do sprzedaz udzial w spolka too company profit,0
2240,23,zaoferowac i objecie warrant subskrypcyjny uprawniac do objecia akcja seria co,1
2241,9,wprowadzenie akcja do obrot na gpw,1
2242,23,wykonanie umowy o wspolny inwestycja,0
2243,7,zmiana stan posiadanie akcja,0
2244,26,zawiadomienie o transakcja osoba zobowiazana,0
2245,7,zmiana stan posiadanie akcja,0
2246,26,zawiadomienie o transakcja osoba zobowiazana,0
2247,23,wybor podmiot uprawniony do badanie sprawozdanie finansowy,0
2248,23,otrzymac wynik interpretacja pomiar geofizyczny odwiert shyrak 1,0
2249,23,zaoferowac i objecie warrant subskrypcyjny uprawniac do objecia akcja seria co,1
2250,9,wprowadzenie akcja do obrot na gpw,1
2251,23,otrzymac koncesja na poszukiwanie zloze ropa naftowy i gaz ziemny przez spolka z,1
2252,23,silny i staly przyplyw gaz z kondensat wraz z,0
2253,26,zawiadomienie o transakcja osoba zobowiazana,0
2254,23,nabycie udzial w silurian hallwood limited oraz w silurian sp. z o.o.,0
2255,23,informacja udzielic akcjonariusz poza walny zgromadzenie,0
2256,23,objecie warrant subskrypcyjny,0
2257,9,wprowadzenie akcja do obrot na gpw,1
2258,23,ogloszenie o zwolanie nwza,1
2259,23,ogloszenie o zwolanie nwza,1
2260,23,objecie akcja seria co,1
2261,9,wprowadzenie akcja do obrot na gpw,1
2262,23,ustabilizowac odwiert shyrak 1,1
2263,23,zaoferowac i objecie warrant subskrypcyjny seria j,1
2264,23,objecie akcja seria co przez posiadacz warrant subskrypcyjny seria i,1
2265,9,wprowadzenie akcja do obrot na gpw,0
2266,23,opinia rad nadzorczy w sprawa pelniec obowiazek przez prezes zarzad,1
2267,7,zmiana stan posiadanie akcja,1
2268,26,zawiadomienie o transakcja osoba zobowiazana,1
2269,23,zawarcie znaczacy umowy,1
2270,23,nadzwyczajny walny zgromadzenie 26 wrzesnia 2011 rok,1
2271,23,  wykaz akcjonariusz,1
2272,23,  wykaz akcjonariusz,1
2273,23,tresc uchwala nwz   ktory odbyc siebie 27 wrzesnia 2011 r.,1
2274,26,zawiadomienie o transakcja osoba zobowiazana,0
2275,23,decyzja o przedluzenie okres poszukiwawczy kontrakt emba,1
2276,23,  zmiana stan posiadanie akcja,1
2277,23,warunkowy rejestracja akcja w kdpw,1
2278,23,rejestracja warunkowe podwyzszenie kapital zakladowy,1
2279,23,nowy raport nezaleznego ekspert wedlug stan na pazdziernik 2011,0
2280,9,wprowadzenie akcja do obrot na gpw,1
2281,9,wprowadzenie akcja do obrot na gpw,1
2282,23,zaoferowac i objecie warrant subskrypcyjny seria a i bar,1
2283,9,wprowadzenie akcja do obrot na gpw,1
2284,23,przeprowadzic oferta prywatny przez silurian hallwood plc,0
2285,23,raport okresowy kwartalny skonsolidowac 3/2011 qsr,1
2286,23,korekta do raport niezalezny ekspert,1
2287,23,zmiana harmonogram splat kredyt,0
2288,23,zawarcie umowic nabycie akcji/udzialow w podmiot sektor gaz lupkowy,0
2289,9,wprowadzenie akcja do obrot na gpw,1
2290,23,zawarcie umowy zobowiazywac do sprzedaz udzial too emba juga nieft,1
2291,26,zawiadomienie o transakcja osoba zobowiazana,0
2292,7,zmiana stan posiadanie akcja,0
2293,7,zmiana stan posiadanie akcja,0
2294,23,ogloszenie o zwolanie nwz,1
2295,7,zmiana stan posiadanie akcja,0
2296,23,informacja udzielic akcjonariusz poza walny zgromadzenie,0
2297,23,rezygnacja osoba nadzorowac,0
2298,23,termin publikacja raport okresowy w 2012 rok,0
2299,23,tresc uchwala nwz ktory odbyc siebie dzien 31 styczen 2012 rok,0
2300,23,tresc uchwala nwz ktory odbyc siebie dzien 31 styczen 2012 rok,0
2301,23,wykaz akcjonariusz posiadajacy co malo 5 ,0
2302,23,rejestracja warunkowe podwyzszenie kapital zakladowy,1
2303,26,zawiadomienie o transakcja osoba zobowiazana,0
2304,23,warunkowy rejestracja akcja w kdpw,1
2305,7,zmiana stan posiadanie akcja,0
2306,26,zawiadomienie o transakcja osoba zobowiazana,0
2307,7,zmiana stan posiadanie akcja,1
2308,7,zmiana stan posiadanie akcja,0
2309,23,awarcie umowic nabycie akcji/udzialow w podmiot sektor gaz lupkowy,0
2310,23,warunkowy rejestracja akcja w kdpw,1
2311,9,wprowadzenie akcja do obrot na gpw,1
2312,7,zmiana stan posiadanie akcja,1
2313,23,rejestracja akcja w kdpw,0
2314,7,zmiana stan posiadanie akcja,1
2315,7,zmiana stan posiadanie akcja,1
2316,23,raport okresowy roczny za 2011 rok,0
2317,23,raport okresowy roczny skonsolidowac za 2011 rs,0
2318,7,zmiana stan posiadanie akcja,1
2319,23,wydluzenie okres kredytowac,0
2320,23,wykaz informacja biezacy i okresowy przekazac do publiczny wiadomosci w 2011 rok,1
2321,23,  otrzymac wycena perspektywiczny zasoby weglowodor,0
2322,23,  otrzymac wycena perspektywiczny zasoby weglowodor,0
2323,23,przeprowadzic oferta prywatny przez silurian hallwood plc,0
2324,7,zmiana stan posiadanie akcja,0
2325,23,informacja poufny,0
2326,23,raport okresowy kwartalny skonsolidowac 1/2012 qsr,1
2327,7,zmiana stan posiadanie akcja,1
2328,23,zawarcie umowy o wspolny operacja pomiedzy too oiltechnogroup a total e&p koblandy,1
2329,7,zmiana stan posiadanie akcja,1
2330,23,ogloszenie o zwolanie zwyczajny walny zgromadzenie,0
2331,23,zmiana w porzadek obrada zwz,1
2332,7,zmiana stan posiadanie akcja,0
2333,7,zmiana stan posiadanie akcja,0
2334,23,wybor podmiot uprawniony do badanie sprawozdanie finansowy,0
2335,23,spelnienie siebie warunek dot. zawrzec znaczacy umowy warunkowy,0
2336,23,tresc uchwala zwz,1
2337,23,powolanie osoba nadzorowac,1
2338,23,akcjonariusz   5  liczba glos na zwz,1
2339,23,aneks do umowy zobowiazywac do sprzedaz udzial w spolka too emba juga nieft,1
2340,23,aneks do umowy kredyt,1
2341,23,aneks do umowy kredyt,1
2342,23,  odpowiedz na pytanie inwestor,1
2343,23,nabycie udzial w silurian sp. z o.o. oraz,1
2344,23,podpisac aneks do umowy zobowiazywac do sprzedaz udzial w spolka too emba juga nieft,0
2345,9,wprowadzenie akcja do obrot na gpw,1
2346,23,  rejestracja akcja w kdpw,0
2347,7,zmiana stan posiadanie akcja,1
2348,7,zmiana stan posiadanie akcja,1
2349,23,  zmiana stan posiadanie akcja,0
2350,7,zmiana stan posiadanie akcja,0
2351,7,zmiana stan posiadanie akcja,0
2352,23,raport okresowy polroczny za 2012 psr,1
2353,23,podpisac aneks do umowy zobowiazywac do sprzedaz udzial w spolka too emba juga nieft,0
2354,23,decyzja o przedluzenie okres poszukiwawczy kontrakt profit,0
2355,23,wniesc powodztwo o uniewaznienie uchwala nwz z 31 styczen 2012 r.,1
2356,23,podpisac aneks do umowy,0
2357,23,zwolanie nwza,0
2358,23,zawarcie porozumienie w sprawa finansowac bcc,0
2359,23,raport okresowy kwartalny skonsolidowac 3/2012 qsr,0
2360,23,tresc uchwala nwz  ktory odbyc siebie dzien 26 listopad 2012 rok,1
2361,23,wykaz akcjonariusz na nwz ktory odbyc siebie w dzien 26 listopad 2012 rok,1
2362,23,  podpisac aneks do umowy,0
2363,23,  aneks do umowy kredyt,0
2364,23,rejestracja warunkowe podwyzszenie kapital zakladowy,1
2365,7,zmiana stan posiadanie akcja,0
2366,23,warunkowy rejestracja akcja w kdpw,0
2367,23,spelnienie warunek umowy zobowiazywac do sprzedaz udzial w spolka too company profit,0
2368,25,informowac,1
2369,23,  spelnienie warunek umowy zobowiazywac do sprzedaz udzial,0
2370,9,wprowadzenie akcja do obrot na gpw,1
2371,23,rejestracja akcja w kdpw,1
2372,7,zmiana stan posiadanie akcja,0
2373,23,zawarcie porozumienie,1
2374,23,spelnienie warunek umowy zobowiazywac do sprzedaz udzial w spolka too emba juga nieft,1
2375,23,nabycie udzial w silurian sp. z o.o,1
