id,cluster,text,change
5032,35,termin publikacja raport okresowy w 2013 rok oraz informacja o przekazywac raport skonsolidowanych.,0
5033,35,przekroczenie prog 5  w ogolny liczba glos przez ofe pzu zloto jesien,0
5034,35,rejestracja przez sad zmiana w statut spolka,0
5035,35,przekroczenie prog 5  w ogolny liczba glos w przez aviva ofe aviva bz wbk,0
5036,9,transakcja sprzedaz akcja spolka przez czlonek zarzad,1
5037,35,wykaz akcjonariusz,0
5038,35,oraz groupe canal+ zamykac transakcja dotyczyc strategiczny partnerstwa.,0
5039,35,aneks do umowy system zarzadzanie srodki pieniezny w,0
5040,35,powolanie czlonek rad nadzorczy,0
5041,35,tresc uchwala podjac przez nwz w dzien 30 listopad 2012 r.,0
5042,35,rezygnacja czlonek rad nadzorczy,0
5043,35,zmiana w sklad zarzad,0
5044,35,transakcja terminowy typ forward z rabobank polski,0
5045,35,zwolanie nwz,0
5046,9,objecie udzial w iti neovision sp. z o.o.,1
5047,9,  transakcja terminowy typ forward z rabobank polski,1
5048,35,ransakcja sprzedaz akcja przez osoba pelnic w struktura emitent funkcja kierowniczy,0
5049,9,uokik wydac bezwarunkowy zgoda na sprzedaz wiekszosciowy,1
5050,35,urzad ochrona konkurencja i konsument (uokik) wydac bezwarunkowy zgoda na polaczenie platforma cyfra+ i 'n',0
5051,9,transakcja kupno akcja spolka,1
5052,9,raport okresowy polroczny za 2012 psr,1
5053,9,raport okresowy kwartalny skonsolidowac 2/2012 qsr,1
5054,9,transakcja walutowy typ forward z rabobank polski,1
5055,9,ransakcja sprzedaz akcja przez osoba pelnic w struktura emitent funkcja kierowniczy,1
5056,35,podpisac umowy sprzedaz akcja onet.pl,0
5057,35,sprzedaz akcja przez osoba pelnic w struktura emitent,0
5058,9,  wydluzenie okres wykorzystanie umowy,1
5059,9,korekta informacja o laczny kwota przeznaczyc na wyplata dywidenda oraz o liczba akcja uprawniony,1
5060,35,zmiana warunki finansowy udzielic gwarancja,0
5061,35,informacja o laczny kwota przeznaczyc na wyplata,0
5062,9,raport okresowy kwartalny skonsolidowac 1/2012 qsr,1
5063,9,  przyjecie jednolity tekst statut,1
5064,9,ransakcja sprzedaz akcja spolka,1
5065,9,  rozpoczecie negocjacja na zasada wylacznosc,1
5066,35,wykaz akcjonariusz,0
5067,35,  zmiana udzial w ogolny liczba glos,0
5068,35,dzielenie poreczenie,0
5069,9,  korekta raport dotyczyc transakcja walutowy typ forward,1
5070,35,  transakcja walutowy typ forward,0
5071,35,przekroczenie prog 5  w ogolny liczba glos na w zastepstwie przez ing ofe,0
5072,35,zwolanie zwz,0
5073,9,wykaz raport biezacy i okresowy przekazac do publiczny wiadomosci w 2011 r.,1
5074,9,odwolanie prognoza finansowy na 2012 r.,1
5075,9,proponowac wysokosc nadzwyczajny dywidenda za 2011 r.,1
5076,9,raport okresowy kwartalny skonsolidowac 4/2011 qsr,1
5077,9,raport okresowy roczny za 2011 rok,1
5078,9,wyznaczyc biegly rewident do badanie sprawozdanie finansowy za rok 2012,1
5079,35,udzielic gwarancja za zobowiazanie wynikac z obligacja senior notes przez jednostka zalezny,0
5080,35,udzielic gwarancja za zobowiazanie wynikac z obligacja senior notes przez jednostka zalezny,0
5081,35,korekta w struktura kapital zakladowy,0
5082,35,termin publikacja raport okresowy w 2012 rok oraz informacja o przekazywac raport skonsolidowac,0
5083,35,powolanie czlonek zarzad,0
5084,35,przyjecie jednolity tekst statut,0
5085,35,podwyzszenie kapital zakladowy,0
5086,35,podwyzszenie kapital zakladowy,0
5087,35,rezygnacja czlonek zarzad,0
5088,35,podpisac istotny umowy   iti i zawierac umowy z canal+ dot. strategiczny partnerstwo,0
5089,35,podpisac umowy o wspolpraca z media sp. z o.o.,0
5090,9,umowy poreczenie zawrzec przez media sp. z o.o.,1
5091,35,wniesc aport do spolka zalezny media sp. z o.o.,0
5092,35,akcjonariusz 5  liczba glos na nwz 15 listopad 2011 r.,0
5093,9,tresc uchwala podjac przez nwz zwolac na dzien 15 listopad 2011 r.,1
5094,18,transakcja sprzedaz akcja spolka,0
5095,9,iti i zawierac strategiczny partnerstwo z canal+,1
5096,9,transakcja sprzedaz akcja przeslac przez osoba zobowiazana,1
5097,9,negocjacje z canal+ na temat ustanowic strategiczny partnerstwo,1
5098,35,  podwyzszenie kapital zakladowy,0
5099,35,transakcja sprzedaz akcja spolka przez osoba zobowiazana,0
5100,35,zwolanie nwz,0
5101,9,transakcja kupno akcja spolka,1
5102,9,podwyzszenie kapital zakladowy,1
5103,35,podpisac aneks do umowy o odnawialny linia gwarancyjny z bank pekao,0
5104,35,transakcja kupno akcja przez osoba pelnic w struktura,0
5105,35,transakcja kupno akcja spolka,0
5106,9,transakcja sprzedaz akcja przez osoba pelnic funkcja w struktura emitent,1
5107,9,ransakcja sprzedaz akcja spolka,1
5108,9,korekta raport biezacy 96/2011 o podwyzszenie kapital zakladowy,1
5109,9,podwyzszenie kapital zakladowy,1
5110,35,podwyzszenie kapital zakladowy,0
5111,35,ransakcja sprzedaz akcja spolka,0
5112,9,podwyzszenie kapital zakladowy,1
5113,9,raport okresowy polroczny za 2011 psr,1
5114,9,raport okresowy kwartalny skonsolidowac 2/2011 qsr,1
5115,9,prognoza finansowy,1
5116,9,  podwyzszenie kapital zakladowy,1
5117,35,podpisac aneks do umowy o odnawialny linia gwarancyjny z bank pekao,0
5118,35,podwyzszenie kapital zakladowy,0
5119,35,  iti holdings rozwazac rozny opcja dotyczyc ewentualny sprzedaz,0
5120,9,ransakcja sprzedaz akcja spolka,1
5121,9,zawarcie umowy licencyjny dla transmisja liga mistrz uefa i liga europejski,1
5122,35,zawarcie umowy licencyjny z twentieth century fox,0
5123,9,transakcja kupno akcja spolka,1
5124,9,  transakcja kupno akcja,1
5125,35,ransakcja kupno i sprzedaz akcja przez osoba pelnic w struktura emitent funkcja kierowniczy,0
5126,9,wykup i umorzyc obligacja pln o termin zapadalnosc w 2013 r.,1
5127,35,transakcja sprzedaz akcja spolka przez osoba zobowiazana,0
5128,9,transakcja kupno i sprzedaz akcja przez osoba zobowiazana,1
5129,9,sprzedaz akcja,1
5130,9,podwyzszenie kapital zakladowy,1
5131,35,podpisac aneks do umowy o odnawialny linia gwarancyjny z bank pekao,0
5132,9,podwyzszenie kapital zakladowy,1
5133,9,  przyjecie jednolity tekst statut,1
5134,9,raport okresowy kwartalny skonsolidowac 1/2011 qsr,1
5135,35,sprzedaz akcja spolka,0
5136,9,transakcja kupno i sprzedaz akcja zawrzec przez osoba zobowiazana,1
5137,9,informacja o laczny kwota przeznaczyc na wyplata dywidenda,1
5138,9,zawarcie dlugoterminowy umowic o wspolpraca z cyfrowy polsatem i telewizja polsat,1
5139,18,transakcja sprzedaz akcja spolka,1
5140,9,transakcja sprzedaz akcja przez osoba pelnic w struktura emitent funkcja kierowniczy,1
5141,9,ransakcja kupno i sprzedaz akcja spolka,1
5142,9,ransakcja sprzedaz akcja spolka,1
5143,9,transakcja kupno i sprzedaz akcja przez osoba pelnic w struktura emitent funkcja kierowniczy,1
5144,9,transakcja sprzedaz akcja przez osoba pelnic w struktura emitent funkcja kierowniczy,1
5145,9,transakcja kupno i sprzedaz akcja przez osoba pelnic w struktura emitent funkcja kierowniczy,1
5146,35,transakcja kupno i sprzedaz akcja,0
5147,35,ransakcja sprzedaz akcja,0
5148,35,ransakcja kupno i sprzedaz akcja spolka,0
5149,35,ransakcja kupno i sprzedaz akcja spolka,0
5150,35,sprzedaz akcja spolka,0
5151,35,transakcja kupno akcja spolka,0
5152,9,transakcja kupno akcja spolka,1
5153,9,ransakcja sprzedaz akcja spolka,1
5154,9,ransakcja kupno i sprzedaz akcja przez osoba pelnic zobowiazana,1
5155,9,ransakcja kupno i sprzedaz akcja spolka,1
5156,18,transakcja sprzedaz akcja spolka,0
5157,18,transakcja sprzedaz akcja spolka,0
5158,35,podwyzszenie kapital zakladowy,0
5159,9,akcjonariusz 5  liczba glos na zwz 30 marzec 2011 r.,1
5160,9,  podwyzszenie kapital zakladowy,1
5161,18,transakcja sprzedaz akcja spolka,1
5162,9,ransakcja sprzedaz akcja spolka,1
5163,9,ransakcja sprzedaz akcja spolka,1
5164,9,transakcja sprzedaz akcja spolka przez osoba zobowiazana,1
5165,9,transakcja sprzedaz akcja przez osoba zobowiazana,1
5166,9,transakcja sprzedaz akcja,1
5167,9,transakcja kupno i sprzedaz akcja spolka przez osoba zobowiazana,1
5168,9,ransakcja kupno i sprzedaz akcja przez osoba zobowiazana,1
5169,35,tresc uchwala podjac przez zwz 30 marzec 2011 r.,0
5170,18,transakcja sprzedaz akcja spolka,0
5171,18,transakcja sprzedaz akcja spolka,0
5172,35,ransakcja sprzedaz akcja spolka,0
5173,35,powolanie czlonek rad nadzorczy,0
5174,35,dywidenda w wysokosc 0 04 zloty za akcja zaaprobowac przez w zastepstwie,0
5175,35,sprzedaz akcja spolka,0
5176,35,ransakcja kupno i sprzedaz akcja spolka,0
5177,35,ransakcja kupno i sprzedaz akcja spolka,0
5178,35,podwyzszenie kapital zakladowy,0
5179,35,ransakcja sprzedaz akcja spolka,0
5180,35,ransakcja sprzedaz akcja spolka,0
5181,9,transakcja kupno akcja przez osoba zobowiazana,1
5182,35,ransakcja kupno i sprzedaz akcja spolka,0
5183,9,ransakcja kupno i sprzedaz akcja spolka,1
5184,9,transakcja kupno i sprzedaz akcja przez osoba zobowiazana,1
5185,9,transakcja kupno akcja przez osoba zobowiazana,1
5186,35,transakcja sprzedaz akcja spolka przez czlonek zarzad,0
5187,35,transakcja kupno i sprzedaz akcja spolka,0
5188,35,zmiana warunki umowy licencyjny z paramount pictures,0
5189,35,zwolanie zwz,0
5190,9,transakcja sprzedaz akcja spolka przez czlonek zarzad,1
5191,9,transakcja kupno akcja spolka,1
5192,9,sprzedaz akcja przez osoba zobowiazana,1
5193,35,wykup i umorzyc obligacja pln o termin zapadalnosc w 2013 r.,0
5194,35,proponowac wysokosc dywidenda z zysk w 2010 r.,0
5195,35,transakcja sprzedaz akcja spolka przez czlonek rn,0
5196,35,wyznaczyc biegly rewident przeprowadzac badanie sprawozdanie finansowy,0
5197,35,prognoza ilosci abonent platforma cyfrowy 'n' w 2011 r.,0
5198,35,raport okresowy roczny skonsolidowac za 2010 rs,0
5199,35,raport okresowy roczny za 2010 rok,0
5200,35,raport okresowy kwartalny skonsolidowac 4/2010 qsr,0
5201,35,raport okresowy roczny skonsolidowac za 2010 rs,0
5202,35,raport okresowy roczny za 2010 rok,0
5203,9,wykup i umorzyc obligacja pln o termin zapadalnosc w 2013 r.,1
5204,35,wykup i umorzyc obligacja,0
5205,9,ransakcja sprzedaz akcja spolka,1
5206,9,wykaz raport biezacy i okresowy przekazac w 2010 r.,1
5207,35,sprzedaz akcja przez osoba pelnic kierowniczy i posiadajacy staly dostep do informacja poufny,0
5208,35,termin publikacja raport okresowy w 2011 rok,0
5209,9,transakcja walutowy typ forward z rabobank polski,1
5210,35,wykup obligacja,0
5211,35,wykup obligacja pln o termin zapadalnosc w 2013 r. w cel on umorzyc,0
5212,35,transakcja kupno i sprzedaz akcja spolka przez osoba zobowiazana,0
5213,9,transakcja sprzedaz akcja przeslac przez osoba zobowiazana,1
5214,9,transakcja kupno i sprzedaz akcja przez osoba zobowiazana,1
5215,9,transakcja kupno akcja przez osoba zobowiazana,1
5216,9,transakcja kupno akcja spolka przez osoba zobowiazana,1
5217,35,transakcja kupno akcja przez osoba zobowiazana,0
5218,9,emisja obligacja senior notes,1
5219,9,transakcja kupno akcja spolka,1
5220,9,ransakcja sprzedaz akcja spolka,1
5221,35,transakcja kupno akcja spolka,0
5222,35,przedaz akcja spolka przez osoba zobowiazana,0
5223,35,ransakcja sprzedaz akcja spolka,0
5224,35,sprzedaz akcja spolka przez osoba zobowiazana,0
5225,9,ransakcja sprzedaz akcja spolka,1
5226,9,transakcja sprzedaz akcja przez osoba pelnic w struktura emitent funkcja kierowniczy,1
5227,35,transakcja kupno i sprzedaz akcja,0
5228,35,ustalenie warunki emisja obligacja senior notes,0
5229,9,ransakcja kupno i sprzedaz akcja spolka,1
5230,9,transakcja kupno akcja przez osoba obowiazany,1
5231,9,ransakcja kupno i sprzedaz akcja spolka,1
5232,9,zakup akcja przez osoba pelnic funkcja kierowniczy,1
5233,9,transakcja kupno akcja spolka,1
5234,9,ransakcja sprzedaz akcja spolka,1
5235,9,moody's podtrzymywac obecny rating kredytowy,1
5236,9,otwierdzenie przez standard & poor's korporacyjny rating kredytowy,1
5237,9,transakcja kupno akcja spolka,1
5238,9,transakcja sprzedaz akcja przez osoba zobowiazana,1
5239,9,ransakcja kupno i sprzedaz akcja spolka,1
5240,9,zgoda rad nadzorczy na emisja obligacja,1
5241,9,ransakcja kupno i sprzedaz akcja,1
5242,9,sprzedaz akcja przez osoba pelnic funkcja kierowniczy,1
5243,9,ransakcja sprzedaz akcja spolka,1
5244,9,aktualizacja prognoza ilosci abonent platforma cyfrowy nad w 2010 r.,1
5245,9,raport okresowy kwartalny skonsolidowac 3/2010 qsr,1
5246,35,zmiana udzial w ogolny liczba glos,0
5247,35,zmiana termin publikacja skonsolidowac za iii kwartal 2010 r.,0
5248,9,zmiana udzial w ogolny liczba glos,1
5249,9,ransakcja kupno i sprzedaz akcja spolka,1
5250,26,transakcja na akcja,0
5251,35,podwyzszenie kapital zakladowy,0
5252,35,transakcja kupno akcja spolka,0
5253,35,transakcja sprzedaz akcja,0
5254,35,powolanie czlonek rad nadzorczy,0
5255,35,powolanie czlonek rad nadzorczy,0
5256,35,informacja o zbycie akcja przez spadkobierca,0
5257,9,transakcja kupno i sprzedaz akcja spolka,1
5258,9,ransakcja kupno i sprzedaz akcja spolka,1
5259,35,rezygnacja czlonek rad nadzorczy,0
5260,35,transakcja kupno i sprzedaz akcja,0
5261,9,transakcja kupno akcja spolka,1
5262,9,ransakcja kupno i sprzedaz akcja spolka,1
5263,9,ransakcja kupno i sprzedaz akcja spolka,1
5264,35,ransakcja kupno i sprzedaz akcja spolka,0
5265,35,ransakcja kupno i sprzedaz akcja spolka,0
5266,35,ransakcja kupno i sprzedaz akcja spolka,0
5267,35,transakcja kupno i sprzedaz akcja spolka,0
5268,35,transakcja kupno i sprzedaz akcja,0
5269,35,transakcja kupno i sprzedaz akcja,0
5270,35,transakcja kupno i sprzedaz akcja,0
5271,35,transakcja kupno i sprzedaz akcja,0
5272,35,ransakcja sprzedaz akcja,0
5273,35,sprzedaz akcja,0
5274,9,raport okresowy polroczny za 2010 psr,1
5275,9,raport okresowy kwartalny skonsolidowac 2/2010 qsr,1
5276,9,podwyzszenie kapital zakladowy,1
5277,35,podwyzszenie kapital zakladowy,0
5278,35,transakcja kupno i sprzedaz akcja przez osoba pelnic w struktura emitent funkcja kierowniczy,0
5279,35,wyjasnienie blad w numeracja raport z dzien 18.06,0
5280,9,transakcja sprzedaz akcja spolka przez osoba pelnic w struktura emitent funkcja kierowniczy,1
5281,9,rejestracja przez sad zmiana w statut spolka,1
5282,9,podwyzszenie kapital zakladowy,1
5283,9,informacja o zbycie akcja przez masa spadkowy zmarly jana bohdan wejcherta,1
5284,9,transakcja kupno i sprzedaz akcja przez osoba pelnic w struktura emitent,1
5285,35,sprzedaz akcja spolka przez osoba pelnic w struktura,0
5286,35,transakcja na akcja spolka osoba pelnic w struktura,0
5287,9,podwyzszenie kapital zakladowy,1
5288,9,ransakcja kupno i sprzedaz akcja,1
5289,9,ransakcja sprzedaz akcja,1
5290,9,informacja o laczny kwota przeznaczyc na wyplata,1
5291,26,transakcja na akcja,0
5292,9,transakcja sprzedaz akcja przez czlonek rad nadzorczy,1
5293,9,transakcja na akcja spolka,1
5294,9,transakcja sprzedaz akcja spolka przez czlonek rad nadzorczy,1
5295,35,ransakcja kupno i sprzedaz akcja przez osoba pelnic w struktura emitent funkcja kierowniczy,0
5296,9,ransakcja sprzedaz akcja spolka,1
5297,9,wykaz akcjonariusz,1
5298,35,korekta raport dot. tresci uchwala podjac przez zwz 14 maja 2010 r.,0
5299,35,tresc uchwala podjetych przez zwz zwolac na dzien 14 maja 2010 r.,0
5300,35,powolanie czlonek rad nadzorczy,0
5301,35,przyjecie jednolity tekst statut,0
5302,35,dywidenda w wysokosc 0 31 zloty za akcja zaaprobowac przez zwyczajny walny,0
5303,9,raport okresowy kwartalny skonsolidowac 1/2010 qsr,1
5304,35,podwyzszenie kapital zakladowy,0
5305,9,przeksztalcenie kapitalowy w oraz emisja obligacja senior notes,1
5306,9,moody's nadac nowa emisja obligacja rating b1 z stabilny perspektywa,1
5307,35,pierwsze notowanie obligacja,0
5308,35,wybrana nieaudytowane wstepne finansowy i operacyjny dane,0
5309,9,tresc projekt uchwala na zwz,1
5310,9,zwolanie zwza,1
5311,35,ransakcje sprzedaz akcja spolka,0
5312,35,podpisac zmienic umowy kredytowy z bank pekao,0
5313,9,zmiana w sklad zarzad,1
5314,35,transakcja sprzedaz akcja,0
5315,35,ransakcje zakup i sprzedaz akcja,0
5316,35,sapodwyzszenie kapital zakladowy,0
5317,35,transakcja zakup i sprzedaz akcja spolka przez osoba pelnic w struktura emitent funkcja kierowniczy,0
5318,9,nformacja o nabycie akcja spolka,1
5319,18,transakcja sprzedaz akcja spolka,0
5320,9,ransakcja zakup i sprzedaz akcja przez osoba pelnic w,1
5321,18,transakcja sprzedaz akcja spolka,0
5322,35,transakcja sprzedaz akcja,0
5323,35,informacja o nabycie akcja spolka przez osoba pelnic w,0
5324,35,informacja o dopuscic i wprowadzenie do obrot gieldowy akcja,0
5325,9,raport roczny,1
5326,9,ransakcja sprzedaz akcja spolk przez osoba pelnic w,1
5327,9,uzupelnienie raport kwartalne za iv kwartal oraz raport roczny za rok 2009,1
5328,3,raport okresowy qsr,1
5329,9,rejestracja akcja zwykly na okaziciel seria c3 oraz seria e4 w kdpw,1
5330,9,sfinalizowac przez transakcja nabycie platforma cyfrowy 'n',1
5331,9,informacja o nabycie akcja spolka,1
5332,9,saransakcja zakup i sprzedaz akcja,1
5333,9,transakcja sprzedaz akcja spolka przez osoba pelnic w,1
5334,35,ransakcje zakup i sprzedaz akcja spolka,0
5335,9,informacja o zbycie akcja spolka przez osoba pelnic w,1
5336,35,informacja o nabycie akcja spolka,0
5337,35,transakcja zakup i sprzedaz akcja,0
5338,9,przekroczenie prog 10  kapital wlasny spolki w zakres,1
5339,11,informowac,0
5340,35,zmiana warunki umowy licencyjny z paramount pictures,0
5341,35,proponowac wysokosc dywidenda z zysk osiagnac przez w 2009 r.,0
5342,35,wyznaczyc biegly rewident,0
5343,35,prognoza wydatek inwestycyjny na 2010 r.,0
5344,35,wykaz raport przekazac do publiczny wiadomosci w 2009 r.,0
5345,35,skonsolidowac raport roczny,0
5346,35,raport roczny,0
5347,3,raport okresowy qsr,0
5348,35,podwyzszenie kapital zakladowy,0
5349,35,podwyzszenie kapital zakladowy,0
5350,9,zmiana udzial w ogolny liczba glos spolka posiadac,1
5351,9,podwyzszenie kapital zakladowy,1
5352,35,termin publikacja raport okresowy w 2010 rok oraz informacja o przekazywac raport skonsolidowac,0
5353,35,korekta raport dot. emisja obligacja senior notes,0
5354,35,dopuscic do obrot oraz o dacia pierwsze notowania,0
5355,35,wykup i umorzyc calosc obligacja senior notes zapadalnych w 2013 r.,0
5356,35,nabycie 49  udzial w platforma cyfrowy 'n',0
5357,35,podwyzszenie kapital zakladowy,0
5358,35,emisja obligacja senior notes,0
5359,9,ystalenie warunki emisja obligacja senior notes,1
5360,35,moody's nadac warunkowy rating b1 w odniesienie do nowa emisja obligacja senior notes spolka,0
5361,35,zmiana korporacyjny rating kredytowy standard & poor's,0
5362,9,zgoda rad nadzorczy na emisja obligacja oraz uzgodnienie,1
5363,3,raport okresowy qsr,1
5364,9,wybrana szacunkowy dane finansowy za okres trzy i dziewiec miesiac,1
5365,9,zmiana termin publikacja skonsolidowac raport za iii kwartal 2009 r.,1
5366,9,powolanie nowe czlonek rad nadzorczy,1
5367,35,podwyzszenie kapital zakladowy,0
5368,35,zmianaw ogolny liczba glos posiadac przez iti holdings luxembourg,0
5369,35,podwyzszenie kapital zakladowy w spolka,0
5370,9,informacja o zbycie akcja spolka,1
5371,9,zmiana rating kredytowy,1
5372,35,zmiana udzial w ogolny liczba glos posiadac przez n vision b.v.,0
5373,36,informacja o zarejestrowac akcja w kdpw,0
5374,39,informacja o liczba akcja wprowadzic do obrot gieldowy,1
5375,9,informacja o przyjecie akcja do kdpw akcja zwykly na okaziciel seria e3,1
5376,35,decyzja o zamiar polaczenie spolka z turbo sp. z o.o.,0
5377,35,tresc uchwala podjac przez zwz w dzien 15 maja 2009 r.,0
5378,35,dywidenda 0 57 zloty za akcja zaaprobowac przez zwza,0
5379,35,powolanie czlonek rad nadzorczy,0
5380,35,spelnienie warunek nabycie udzial spolka mango media spolka z o.o.,0
5381,9,informacja o nabycie i zbycie akcja przez akcjonariusz,1
5382,35,zarejestrowac akcja w kdpw,0
5383,35,nabycie akcja przez osoba maic dostep do informacja poufny,0
5384,35,transakcja sprzedaz akcja przez podmiot powiazac z czlonek rn,0
5385,9,transakcja sprzedaz akcja przez czlonek zarzad,1
5386,9,akcjonariusz posiadajacy co malo po 5  ogolny liczba glos na wza,1
5387,9,informacja o zarejestrowac akcja w kdpw,1
5388,9,zmiana termin publikacja raport okresowy za 2007r.,1
5389,35,informacja o zarejestrowac akcja seria e1 w kdpw,0
5390,9,podwyzszenie ocena ratingowy przez agencja moody`s investor service,1
5391,9,informacja o wprowadzenie do obrot gieldowy akcja zwykly na okaziciel seria d,1
5392,35,transakcja kupno akcja,0
5393,35,podwyzszenie kapital zakladowy,0
5394,18,transakcja sprzedaz akcja spolka,0
5395,9,informacja o sprzedaz akcja spolka,1
5396,35,wstepne wynik za 2005 r.,0
5397,35,nabycie akcja onet.pl,0
5398,35,tresc projekt uchwala na nwza w dzien 26 wrzesnia 2006 r.,0
5399,9,podwyzszenie prognoza na rok 2008,1
5400,36,informacja o zarejestrowac akcja w kdpw,0
5401,18,transakcja sprzedaz akcja spolka,1
5402,9,transakcja kupno akcja przez czlonek rad nadzorczy,1
5403,35,informacja o liczba akcja wprowadzic do obrot gieldowy,0
5404,9,dopuscic i wprowadzenie do obrot akcja seria e2,1
5405,9,ramowy porozumienie w sprawa zwiekszenie udzial w neovision holding b.v,1
5406,35,podwyzszenie kapital zakladowy w spolka,0
5407,9,informacja o zarejestrowac akcja w kdpw,1
5408,9,transakcja zakup akcja przez osoba pelnic funkcja kierowniczy,1
5409,35,informacja o liczba akcja wprowadzic do obrot gieldowy,0
5410,35,transakcja kupno i sprzedaz akcja,0
5411,35,tresc uchwala podjac przez nwz w dzien 30 pazdziernik 2008 r.,0
5412,9,informacja o zarejestrowac akcja w kdpw,1
5413,35,transakcja sprzedaz akcja przez czlonek zarzad,0
5414,35,informacja o zakup akcja,0
5415,35,podwyzszenie kapital zakladowy w spolka,0
5416,35,zakup i sprzedaz akcja przez osoba pelnic w struktura,0
5417,39,informacja o liczba akcja wprowadzic do obrot gieldowy,1
5418,35,pprawozdanie pro forma,0
5419,35,transakcja sprzedaz akcja przez osoba zalezny,0
5420,35,sprzedaz akcja przez osoba z kierownictwo,0
5421,35,nabycie akcja w rama pierwsze etap program nabycie akcja wlasny,0
5422,35,przeglad rating spolka,0
5423,35,sprzedaz akcja przez osoba z kierownictwo,0
5424,9,liczba akcja wprowadzic do obrot gieldowy,1
5425,9,informacja o kupno akcja spolka przez czlonek zarzad,1
5426,9,nabycie udzial spolka ntl ted sp. z o.o.,1
5427,9,transakcja sprzedaz akcja przez czlonek zarzad,1
5428,9,liczba akcja zaoferowac w oferta zakup akcja,1
5429,18,transakcja sprzedaz akcja spolka,1
5430,39,informacja o liczba akcja wprowadzic do obrot gieldowy,1
5431,35,transakcja sprzedaz akcja przez podmiot powiazac z czlonek zarzad,0
5432,35,informacja o liczba akcja wprowadzic do obrot gieldowy,0
5433,9,transakcja zakup i sprzedaz akcja przez osoba pelnic w struktura,1
5434,9,data walny zgromadzenie akcjonariusz,1
5435,12,nabycie akcja wlasny,1
5436,35,uchwala podjac przez zwyczajny walny zgromadzenie,0
5437,35,powolanie nowy czlonek do rad nadzorczy,0
5438,35,zarejestrowac akcja w krajowy depozyt papier wartosciowy,0
5439,9,informacja o zarejestrowac akcja w kdpw,1
5440,9,powolanie czlonek zarzad,1
5441,35,transakcja kupno akcja spolka przez czlonek rad nadzorczy,0
5442,27,termin publikacja raport okresowy,0
5443,9,uscislenie informacja na temat wykup akcja wlasny spolka,1
5444,9,przedluzenie umowy zawrzec na swiadczenie usluga doradczy,1
5445,9,zakonczenie pierwsze etap program nabycie akcja wlasny,1
5446,35,prognoza na 2008 r.,0
5447,3,raport okresowy qsr,0
5448,35,podpisac umowy linia kredytowy z bank bph,0
5449,9,informacja o zakup akcja,1
5450,9,opublikowac oferta zakup akcja,1
5451,35,rejestracja akcja w kdpw,0
5452,9,transakcja sprzedaz akcja przez podmiot powiazac z czlonek rn,1
5453,35,akcjonariusz   co malo po 5  na nwza w dzien 9.05.2008 r.,0
5454,18,transakcja sprzedaz akcja spolka,0
5455,35,transakcja zakup i sprzedaz akcja,0
5456,36,informacja o zarejestrowac akcja w kdpw,0
5457,35,umowa z warner bros. international television distribution inc.,0
5458,9,transakcja osoba pelnic w struktura emitent funkcja kierowniczy,1
5459,9,zarejestrowac akcja seria e1 w krajowy depozyt papier wartosciowy,1
5460,9,akcjonariusz posiadajacy co malo po 5  ogolny liczba glos na nwza,1
5461,35,zbycie akcja przez osoba pelnic funkcja kierowniczy,0
5462,35,zarejestrowac akcja w krajowy depozyt papier wartosciowy,0
5463,35,tresc projekt uchwala na zwz zwolac na dzien 11 maja 2007 r.,0
5464,9,liczba akcja w obrot,1
5465,35,zbycie akcja spolka przez podmiot powiazac z czlonek rn,0
5466,9,laczny kwota przeznaczyc na wyplata dywidenda,1
5467,9,informacja o zarejestrowac akcja w kdpw,1
5468,9,transakcja zakup akcja spolka przez czlonek zarzad,1
5469,39,informacja o liczba akcja wprowadzic do obrot gieldowy,1
5470,9,zarejestrowac akcja w krajowy depozyt papier wartosciowy,1
5471,9,rezygnacja czlonek rad nadzorczy,1
5472,35,akcjonariusz posiadajacy co malo po 5  ogolny liczba glos na nwz,0
5473,35,zamiar zlozenie rezygnacja oraz rezygnacja czlonek rad nadzorczy,0
5474,36,informacja o zarejestrowac akcja w kdpw,0
5475,18,transakcja sprzedaz akcja spolka,0
5476,35,data nadzwyczajny walny zgromadzenie,0
5477,9,transakcja kupno i sprzedaz,1
5478,9,informacja o zarejestrowac akcja w krajowy depozyt papier wartosciowy,1
5479,9,informacja o zakup akcja spolka,1
5480,35,informacja o liczba akcja wprowadzic do obrot gieldowy,0
5481,35,transakcja sprzedaz akcja,0
5482,35,podwyzszenie kapital zakladowy,0
5483,35,informacja o zbycie akcja spolka,0
5484,9,podwyzszenie kapital zakladowy w spolka,1
5485,35,przyjecie akcja do kdpw,0
5486,9,transakcja kupno i sprzedaz akcja spolka,1
5487,35,termin publikacja raport okresowy w 2008 rok,0
5488,35,podwyzszenie ocena ratingowy przez agencja moody's investor service,0
5489,9,powolanie nowy czlonek do rad nadzorczy spolka,1
5490,9,uchwala podjac przez walny zgromadzenie akcjonariusz,1
5491,35,informacja o przyjecie do kdpw akcja zwykly na okaziciel,0
5492,9,transakcja osoba pelnic funkcja kierowniczy,1
5493,35,nabycie udzial spolka mango media sp. z o.o.,0
5494,35,podwyzszenie ocena ratingowy spolka przez agencja standard & poor`s ratings services,0
5495,35,transakcja zakup akcja przez podmiot powiazac z czlonek rad nadzorczy,0
5496,9,umorzyc sledztwo,1
5497,3,raport okresowy qsr,1
5498,9,informacja o zarejestrowac akcja w kdpw,1
5499,35,transakcja kupno i sprzedaz akcja przez czlonek zarzad,0
5500,9,data nwz,1
5501,9,wybor biegly rewident,1
5502,35,informacja o liczba akcja wprowadzic do obrot gieldowy,0
5503,35,data zwz,0
5504,35,obnizenie rating kredytowy,0
5505,9,transakcja zakup i sprzedaz akcja spolka,1
5506,9,zakonczenie subskrypcja,1
5507,35,transakcja sprzedaz akcja spolka przez czlonek zarzad,0
5508,35,podwyzszenie kapital zakladowy w spolka,0
5509,18,transakcja sprzedaz akcja spolka,0
5510,3,raport okresowy qsr,1
5511,18,transakcja sprzedaz akcja spolka,0
5512,35,transakcja zakup akcja przez czlonek rad nadzorczy,0
5513,9,liczba akcja wprowadzic do obrot,1
5514,35,raport roczny skonsolidowac,0
5515,35,raport roczny,0
5516,35,zawarcie znaczacy umowy z warner brothers international television,0
5517,35,prognoza na rok 2006,0
5518,35,zawarcie znaczacy umowy z omd poland sp. z o.o.,0
5519,3,raport okresowy qsr,0
5520,36,informacja o zarejestrowac akcja w kdpw,0
5521,35,transakcja kupno i sprzedaz akcja,0
5522,35,zarejestrowac akcja w kdpw,0
5523,35,informacja o zakup akcja,0
5524,35,uchwala rad nadzorczy w sprawa program motywacyjny,0
5525,9,informacja o zarejestrowac akcja w kdpw,1
5526,9,transakcja sprzedaz akcja spolka przez podmiot powiazac z czlonek rn,1
5527,35,informacja o nabycie oraz zbycie akcja spolka,0
5528,35,transakcja sprzedaz akcja spolka przez czlonek rad nadzorczy,0
5529,9,tresc projekt uchwala na nwz na 30 pazdziernik 2008 r.,1
5530,35,transakcja kupno i sprzedaz akcja,0
5531,35,zarejestrowac akcja w kdpw,0
5532,35,transakcja sprzedaz akcja spolka przez czlonek rad nadzorczy,0
5533,9,transakcja sprzedaz akcja spolka przez osoba pelnic w struktura emitent,1
5534,9,uchwala podjac przez nwz,1
5535,9,zawarcie znaczacy umowy z eutelsat,1
5536,9,zawarcie znaczacy umowy z eutelsat,1
5537,9,informacja o zmiana uchwala kdpw,1
5538,9,transakcja sprzedaz akcja przez czlonek rad nadzorczy,1
5539,9,informacja o zarejestrowac akcja w kdpw,1
5540,18,transakcja sprzedaz akcja spolka,0
5541,9,informacja o zarejestrowac akcja w kdpw,1
5542,35,tresc projekt istotny uchwala na nwza w dzien 26 wrzesnia 2005 r.,0
5543,35,raport roczny,0
5544,35,korekta raport roczny za 2005 r.,0
5545,3,raport okresowy qsr,1
5546,9,prognoza wydatek inwestycyjny na 2009 r.,1
5547,9,zmiana sklad zarzad,1
5548,35,transakcja kupno i sprzedaz przez czlonek zarzad,0
5549,9,informacja o zawarcie umowy darowizna z fundacja nie byc sam,1
5550,35,sprzedaz akcja przez osoba z kierownictwo,0
5551,35,liczba akcja wprowadzic do obrot gieldowy,0
5552,35,zarejestrowac akcja w krajowy depozyt papier wartosciowy,0
5553,35,transakcja zakup akcja spolka przez czlonek zarzad,0
5554,35,umorzyc akcja wlasny i rejestracja przez sad zmiana wysokosc kapital,0
5555,9,transakcja sprzedaz akcja,1
5556,9,informacja o dopuscic i wprowadzenie do obrot gieldowy akcja seria c2,1
5557,9,podwyzszenie kapital zakladowy,1
5558,9,raport biezacy i okresowy przekazac do publiczny wiadomosci w 2007 r.,1
5559,9,transakcja sprzedaz akcja spolka przez czlonek zarzad,1
5560,9,informacja o zarejestrowac akcja w kdpw,1
5561,9,zarejestrowac akcja w krajowy depozyt papier wartosciowy,1
5562,35,uzupelnienie informacja dotyczyc korekta prognoza na rok 2008,0
5563,35,powolanie nowe czlonek rad nadzorczy,0
5564,35,data zwza,0
5565,35,informacja o sprzedaz akcja,0
5566,9,informacja o dywidenda,1
5567,9,transakcja czlonek rn oraz osoba pelnic funkcja kierowniczy,1
5568,35,powolanie trzy nowy czlonek zarzad,0
5569,9,informacja o zarejestrowac akcja w kdpw,1
5570,9,transakcja sprzedaz akcja przez osoba powiazac,1
5571,9,informacja o kupno akcja przez osoba pelnic w struktura spolka,1
5572,35,korekta raport kwartalne za czwarty kwartal 2007 r.,0
5573,9,zalozenie dotyczyc wzrost rynek reklama internetowy i ebitda,1
5574,36,informacja o zarejestrowac akcja w kdpw,0
5575,35,transakcja zakup i sprzedaz akcja,0
5576,9,transakcja zawrzec przez osoba pelnic funkcja kierowniczy,1
5577,9,informacja o zarejestrowac akcja w kdpw,1
5578,9,informacja o zarejestrowac akcja w kdpw,1
5579,9,transakcja sprzedaz akcja przez czlonek zarzad,1
5580,35,rezygnacja czlonek rad nadzorczy,0
5581,35,informacja o liczba akcja wprowadzic do obrot gieldowy,0
5582,9,informacja o zarejestrowac akcja seria e1 w kdpw,1
5583,35,transakcja na akcja zawrzec przez osoba pelnic funkcja kierowniczy,0
5584,9,informacja o nabycie akcja wlasny,1
5585,35,zmiana w oferta zakup akcja spolka,0
5586,36,informacja o zarejestrowac akcja w kdpw,0
5587,35,powolanie nowe czlonek rad nadzorczy,0
5588,18,transakcja sprzedaz akcja spolka,0
5589,9,informacja o kupno i sprzedaz akcja,1
5590,9,transakcja sprzedaz akcja spolka przez czlonek zarzad,1
5591,9,termin publikacja raport okresowy w 2005,1
5592,9,informacja o nabycie i zbycie akcja przez akcjonariusz,1
5593,9,raport okresowy sa rs,1
5594,9,raport okresowy sa r,1
5595,9,raport okresowy sa qsr,1
5596,39,informacja o liczba akcja wprowadzic do obrot gieldowy,1
5597,9,transakcja sprzedaz akcja,1
5598,35,kupno akcja przez osoba z kierownictwo,0
5599,35,akcjonariusz posiadajacy co malo po 5  ogolny liczba glos na nwza,0
5600,12,nabycie akcja wlasny,0
5601,35,uchwala podjac przez nwz,0
5602,9,transakcja zakup akcja przez osoba zobowiazana,1
5603,35,wykaz akcjonariusz posiadajacy na nwz w dzien 20 listopad 2007 r.,0
5604,18,transakcja sprzedaz akcja spolka,0
5605,35,podwyzszenie kapital zakladowy w spolka,0
5606,35,sprzedaz akcja spolka przez osoba pelnic w struktura emitent,0
5607,35,podwyzszenie kapital zakladowy w spolka,0
5608,9,skorygowac raport 144/2007 z dzien 29 czerwiec 2007 r.,1
5609,26,transakcja na akcja,0
5610,35,projekt uchwala na zwz zwolac na 9 maja 2008 r.,0
5611,12,nabycie akcja wlasny,1
5612,9,zawarcie umowy licencyjny z paramount pictures,1
5613,35,sprzedaz akcja spolka przez osoba pelnic funkcja w struktura emitent,0
5614,9,rejestracja polaczenie spolka z turbo sp. z o.o.,1
5615,9,korekta informacja o zbycie akcja spolka,1
5616,35,transakcja kupno akcja,0
5617,35,transakcja sprzedaz akcja przez osoba pelnic funkcja kierowniczy,0
5618,9,informacja o zarejestrowac akcja w kdpw,1
5619,9,informacja o zarejestrowac akcja w kdpw,1
5620,9,transakcja sprzedaz akcja spolka przez podmiot powiazac z czlonek rn,1
5621,35,uchwala podjac przez zwz,0
5622,35,powolanie nowy czlonek do rad nadzorczy,0
5623,35,informacja o liczba akcja wprowadzic do obrot gieldowy,0
5624,9,transakcja sprzedaz akcja,1
5625,36,informacja o zarejestrowac akcja w kdpw,0
5626,35,transakcja kupno i sprzedaz akcja przez czlonek zarzad,0
5627,36,informacja o zarejestrowac akcja w kdpw,0
5628,35,zbycie akcji  aneks do umowy z freemantle polski sp. z o.o.  koniec dzialanie stabilizowac kurs akcja,0
5629,39,informacja o liczba akcja wprowadzic do obrot gieldowy,1
5630,9,zmiana stan posiadac akcja spolka,1
5631,9,informacja o zarejestrowac akcja w kdpw,1
5632,9,dopuscic i wprowadzenie do obrot akcja seria e2,1
5633,35,informacja o zarejestrowac akcja w krajowy depozyt papier,0
5634,18,transakcja sprzedaz akcja spolka,1
5635,9,data nwz,1
5636,9,wykaz raport biezacy i okresowy przekazac do publiczny wiadomosci w 2006 r.,1
5637,9,informacja o zakup akcja,1
5638,9,podwyzszenie kapital zakladowy w spolka,1
5639,18,transakcja sprzedaz akcja spolka,1
5640,9,informacja o sprzedaz akcja spolka,1
5641,9,transakcja sprzedaz akcja przez czlonek zarzad,1
5642,39,informacja o liczba akcja wprowadzic do obrot gieldowy,1
5643,9,informacja o oznaczenie kod akcja na okaziciel przez kdpw,1
5644,35,transakcja kupno akcja przez czlonek rad nadzorczy,0
5645,36,informacja o zarejestrowac akcja w kdpw,0
5646,12,nabycie akcja wlasny,0
5647,35,prognoza na 2008 r.,0
5648,36,informacja o zarejestrowac akcja w kdpw,0
5649,35,transakcja kupno akcja spolka,0
5650,35,liczba akcja wprowadzic do obrot,0
5651,35,sprzedaz akcja spolka przez osoba pelnic funkcja kierowniczy,0
5652,39,informacja o liczba akcja wprowadzic do obrot gieldowy,1
5653,9,informacja o zakupie/sprzedazy akcja,1
5654,9,liczba akcja wprowadzic do obrot gieldowy,1
5655,9,informacja o nabycie akcja wlasny,1
5656,35,sprzedaz akcja przez osoba pelnic funkcja kierowniczy,0
5657,35,informacja o zarejestrowac akcja seria e1 w kdpw,0
5658,35,informacja o sprzedaz akcja spolka,0
5659,35,uchwala podjac przez nwz,0
5660,35,informacja o liczba akcja wprowadzic do obrot gieldowy,0
5661,35,skonsolidowac raport roczny,0
5662,35,raport roczny,0
5663,9,rejestracja polaczenie z spolka tvn 24 sp. z o.o.,1
5664,35,vabycie prawic do transmisja ligii mistrz w sezon 2009/2010  2010/2011  2011/2012,0
5665,9,informacja o zarejestrowac akcja w kdpw,1
5666,9,powolanie czlonek zarzad,1
5667,35,wykaz raport biezacy i okresowy przekazac w 2008 r.,0
5668,35,zbycie akcja spolka przez osoba pelnic funkcja kierowniczy,0
5669,35,zakup i sprzedaz akcja spolka przez osoba zalezny,0
5670,9,informacja o sprzedaz akcja przez czlonek zarzad,1
5671,9,objecie udzial w podwyzszyc kapital zakladowy spolka thema film sp. z o.o.,1
5672,9,termin publikacja raport okresowy,1
5673,39,informacja o liczba akcja wprowadzic do obrot gieldowy,1
5674,9,podwyzszenie kapital zakladowy z spolka,1
5675,35,sprzedaz akcja przez czlonek rad nadzorczy,0
5676,9,transakcja na akcja spolka zawrzec przez osoba pelnic funkcja kierowniczy,1
5677,9,zarejestrowac w kdpw akcja zwykly na okaziciel seria e2 spolka,1
5678,9,zarejestrowac akcja w krajowy depozyt papier wartosciowy,1
5679,35,sprzedaz akcja przez czlonek rad nadzorczy,0
5680,36,informacja o zarejestrowac akcja w kdpw,0
5681,9,umorzyc akcja wlasny,1
5682,9,transakcja na akcja,1
5683,26,transakcja na akcja,0
5684,9,liczba akcja wprowadzic do obrot gieldowy,1
5685,35,podpisac umowy kredytowy z bank bph z dzien 26 lipiec 2006 r.,0
5686,35,podpisac aneks numer 2 do umowy kredytowy z bank bph,0
5687,35,podjecie decyzja o zamiar polaczenie z tvn 24 sp. z o.o.,0
5688,9,podwyzszenie kapital zakladowy w spolka,1
5689,35,aneks do umowy z freemantle polski sp. z o.o.,0
5690,35,informacja o liczba akcja wprowadzic do obrot gieldowy,0
5691,35,emisja obligacja,0
5692,12,nabycie akcja wlasny,0
5693,9,znaczacy umowa z iti media group n.v.,1
5694,36,informacja o zarejestrowac akcja w kdpw,0
5695,35,transakcja kupno akcja przez czlonek zarzad,0
5696,35,transakcja kupno i sprzedaz akcja przez osoba pelnic funkcja kierowniczy,0
5697,41,sprzedaz akcja przez osoba z kierownictwo,1
5698,9,informacja o laczny kwota przeznaczyc na wyplata dywidenda,1
5699,9,transakcja sprzedaz akcja przez czlonek zarzad spolka,1
5700,9,informacja o sprzedaz akcja spolka,1
5701,9,transakcja sprzedaz akcja,1
5702,9,wybor dziewiec czlonek rad nadzorczy podjac przez zwz,1
5703,9,uchwala podjac przez zwyczajny walny zgromadzenie,1
5704,39,informacja o liczba akcja wprowadzic do obrot gieldowy,1
5705,18,transakcja sprzedaz akcja spolka,1
5706,9,informacja o zarejestrowac akcja w kdpw,1
5707,9,informacja o zarejestrowac akcja w kdpw,1
5708,9,zarejestrowac akcja w krajowy depozyt papier wartosciowy,1
5709,9,transakcja zakup akcja,1
5710,9,informacja o zarejestrowac akcja w kdpw,1
5711,35,informacja o oznaczenie kod akcja na okaziciel,0
5712,36,informacja o zarejestrowac akcja w kdpw,0
5713,35,transakcja kupno akcja spolka,0
5714,9,zakup akcja przez czlonek zarzad spolka,1
5715,9,dopuscic i wprowadzenie do obrot gieldowy akcja seria e3,1
5716,35,zamiar zbycie akcja przez jedno z on akcjonariusz,0
5717,36,informacja o zarejestrowac akcja w kdpw,0
5718,9,zmiana wartosc nominalny i liczba akcja spolka,1
5719,35,transakcja zakup akcja przez osoba pelnic funkcja kierowniczy,0
5720,35,uchwala podjac przez nadzwyczajny walny zgromadzenie spolka,0
5721,9,podwyzszenie kapital zakladowy w spolka,1
5722,35,zakup akcja przez osoba z kierownictwo,0
5723,35,informacja o kupno akcja spolka,0
5724,9,transakcja sprzedaz akcja przez czlonek rad nadzorczy,1
5725,9,transakcja kupno akcja spolka,1
5726,35,nabycie udzial spolka mango media sp. z o.o.,0
5727,9,zakonczenie drugie etap program nabycie akcja wlasny,1
5728,9,tresc projekt uchwala na wza w dzien 8 czerwiec 2006 r.,1
5729,9,korekta raport numer 12/2006 z dzien 29 maja 2006 r.,1
5730,9,liczba akcja wprowadzic do obrot gieldowy,1
5731,9,zawarcie porozumienie w sprawa nabycie udzial neovision holding b.v.  amsterdam,1
5732,9,transakcja zakup akcja przez czlonek rn oraz podmiot powiazac z rn spolka,1
5733,35,informacja o zbycie akcja,0
5734,9,postepowanie likwidacyjnegpolish television finance corporation b.v.,1
5735,18,transakcja sprzedaz akcja spolka,1
5736,9,informacja o zarejestrowac akcja w kdpw,1
5737,35,informacja o liczba akcja wprowadzic do obrot gieldowy,0
5738,18,transakcja sprzedaz akcja spolka,0
5739,35,transakcja zakup akcja przez podmiot powiazac z czlonek rn,0
5740,35,spelnienie siebie warunek zawieszac znaczacy umowy,0
5741,35,skonsolidowac raport roczny,0
5742,35,transakcja sprzedaz akcja,0
5743,36,informacja o zarejestrowac akcja w kdpw,0
5744,35,transakcja zakup i sprzedaz akcja,0
5745,9,skonsolidowac raport polroczny,1
5746,3,raport okresowy qsr,1
5747,9,korekta prognoza wynik za 2006 r.,1
5748,39,informacja o liczba akcja wprowadzic do obrot gieldowy,1
5749,35,program nabycie akcja wlasny,0
5750,3,raport okresowy qsr,0
5751,35,rozszerzyc skonsolidowac raport polroczny,0
5752,35,podwyzszenie kapital zakladowy w spolka,0
5753,35,podwyzszenie ocena ratingowy przez agencja moody?s investor services ltd.,0
5754,9,tresc projekt uchwala na nwza w dzien 30 styczen 2007 r.,1
5755,36,informacja o zarejestrowac akcja w kdpw,0
5756,35,data nwza,0
5757,35,transakcja sprzedaz akcjispolki przez podmiot powiazac,0
5758,35,transakcja sprzedaz akcja,0
5759,35,29 grudzien 2006 r.   dzien podzial i oznaczenie akcja,0
5760,35,transakcja kupno akcja spolka,0
5761,36,informacja o zarejestrowac akcja w kdpw,0
5762,35,transakcja kupno akcja spolka,0
5763,35,transakcja sprzedaz akcja przez osoba pelnic funkcja kierowniczy,0
5764,35,zbycie akcja   korekta,0
5765,35,zbycie akcja spolka przez osoba zobowiazana,0
5766,9,transakcja zakup akcja spolka,1
5767,35,transakcja zakup i sprzedaz akcja przez czlonek rad nadzorczy,0
5768,9,informacja o nabycie akcja wlasny,1
5769,35,aktualizacja prognoza wynik 2007 r.,0
5770,9,informacja o zarejestrowac akcja w kdpw,1
5771,39,informacja o liczba akcja wprowadzic do obrot gieldowy,1
5772,35,podwyzszenie kapital zakladowy,0
5773,35,transakcja kupno i sprzedaz akcja przez czlonek zarzad,0
5774,36,informacja o zarejestrowac akcja w kdpw,0
5775,35,transakcja sprzedaz i kupno akcja spolka,0
5776,35,transakcja kupno i sprzedaz akcja przez czlonek zarzad,0
5777,9,transakcja czlonek rn oraz osoba pelnic funkcja kierowniczy,1
5778,35,liczba akcja wprowadzic do obrot gieldowy,0
5779,9,informacja o zarejestrowac akcja seria e1 w kdpw,1
5780,35,informacja o kupno i sprzedaz akcja spolka przez osoba zobowiazana,0
5781,9,podwyzszenie kapital zakladowy,1
5782,39,informacja o liczba akcja wprowadzic do obrot gieldowy,1
5783,9,informacja o zakup akcja,1
5784,9,transakcja sprzedaz akcja przez czlonek rad nadzorczy,1
5785,9,informacja o zarejestrowac akcja w kdpw,1
5786,35,transakcja zakup akcja spolki przez czlonek rad nadzorczy,0
5787,3,raport okresowy qsr,1
5788,35,podwyzszenie kapital zakladowy,0
5789,35,korekta skonsolidowac raport roczny kapitalowy za 2006 r.,0
5790,35,informacja o zarejestrowac akcja seria e1 w kdpw,0
5791,35,potwierdzenie dotychczasowy ocena ratingowy,0
5792,35,korekta raport 151/2007   spelnienie warunek nabycie udzial mango media,0
5793,35,transakcja sprzedaz akcja przez podmiot powiazac z czlonek rn,0
5794,3,raport okresowy qsr,1
5795,9,korekta prognoza niektory wynik za 2006 r.,1
5796,18,transakcja sprzedaz akcja spolka,1
5797,9,korekta raport kwartalne za ii kw. 2006 r.,1
5798,9,zalacznik do plan polaczenie z tvn 24 sp. z o.o.,1
5799,18,transakcja sprzedaz akcja spolka,0
5800,9,podwyzszenie kapital zakladowy,1
5801,9,informacja o zmniejszenie stan posiadac spolka,1
5802,35,informacja o zbycie akcja,0
5803,9,informacja o nabycie oraz zbycie akcja,1
5804,9,akcjonariusz posiadajacy co malo po 5  ogolny liczba glos na wza,1
5805,9,informacja o zarejestrowac akcja w kdpw,1
5806,9,zmiana termin publikacja raport okresowy za 2007r.,1
5807,9,termin publikacja raport okresowy w 2007 r.,1
5808,18,transakcja sprzedaz akcja spolka,0
5809,9,sprzedaz akcja przez podmiot powiazac z czlonek rn,1
5810,35,zakonczenie nabycie 25  udzial plus 1 udzial polski cyfrowy platforma 'n',0
5811,35,akcjonariusz posiadajacy co malo po 5  ogolny liczba glos na w zastepstwie 15 maja 2009 r.,0
5812,9,informacja o zakup akcja oraz o sprzedaz akcja,1
5813,9,zawarcie umowy kredytowy z bank pekao,1
5814,9,liczbia akcja wprowadzic do obrot gieldowy,1
5815,9,zakup akcja przez czlonek rad nadzorczy spolka,1
5816,9,liczba akcja wprowadzic do obrot gieldowy,1
5817,39,informacja o liczba akcja wprowadzic do obrot gieldowy,1
5818,9,zawiazac przez onet.pl spolka sunweb,1
5819,35,informacja o zbycie akcja spolka,0
5820,35,transakcja kupno i sprzedaz,0
5821,36,informacja o zarejestrowac akcja w kdpw,0
5822,9,zakup akcja przez czlonek rad nadzorczy,1
5823,9,transakcja sprzedaz akcja,1
5824,9,informacja o zarejestrowac akcja w kdpw,1
5825,9,informacja o zarejestrowac akcja w kdpw,1
5826,35,informacja o liczba akcja wprowadzic do obrot gieldowy,0
5827,35,uzupelnienie informacja dotyczyc prognoza na rok 2008,0
5828,9,zarejestrowac akcja w krajowy depozyt papier wartosciowy,1
5829,35,zmiana w sklad zarzad oraz rezygnacja czlonek rad nadzorczy spolka,0
5830,3,raport okresowy qsr,0
5831,35,aktualizacja prognoza wydatek inwestycyjny na 2009 r.,0
5832,35,skonsolidowac raport polroczny,0
5833,35,warunkowe podwyzszenie kapital zakladowy w spolka,0
5834,35,zastosowanie lad korporacyjny,0
5835,35,termin zawarcie umowy nabycie 100  udzial w onet poland holding b.v.,0
5836,39,informacja o liczba akcja wprowadzic do obrot gieldowy,1
5837,11,informowac,1
5838,9,liczba akcja wprowadzic do obrot gieldowy,1
5839,35,prognoza na rok 2005,0
5840,3,raport okresowy qsr,0
5841,9,zawarcie umowy przedwstepniej o powolanie spolka polski operator telewizyjny,1
5842,9,informacja o nabycie oraz zbycie akcja spolka,1
5843,35,uchwala podjac przez zwyczajny walny zgromadzenie,0
5844,35,powolanie nowy czlonek do rad nadzorczy,0
5845,35,zarejestrowac akcja w krajowy depozyt papier wartosciowy,0
5846,35,nabycie akcja wlasny w rama pierwsze etap program nabycie akcja,0
5847,9,informacja o zakup akcja przez czlonek zarzad,1
5848,9,korekta numeracja raport 243/2007 i 244/2007,1
5849,9,informacja o sprzedaz akcja spolka,1
5850,39,informacja o liczba akcja wprowadzic do obrot gieldowy,1
5851,9,sprzedaz akcja przez czlonek zarzad,1
5852,9,rejestracja przez sad zmiana w statut,1
5853,35,zmiana w oferta zakup akcja spolka,0
5854,9,informacja o zarejestrowac akcja w kdpw,1
5855,9,transakcja kupno akcja,1
5856,35,rozwiazanie umowic najem i zawarcie umowy najem powierzchni biurowy,0
5857,35,zawarcie umowy licencyjny z stowarzyszenie autor zaiks,0
5858,35,zmiana wysoki kwota zabezpieczenie zastaw rejestrowy,0
5859,9,informacja o nabycie akcja wlasny,1
5860,35,informacja o liczba akcja wprowadzic do obrot gieldowy,0
5861,9,zmiana udzial w ogolny liczba glos,1
5862,35,zbycie akcja przez osoba pelnic w struktura emitent funkcja kierowniczy,0
5863,35,zmiana w sklad zarzad oraz rezygnacja czlonek rad nadzorczy spolka,0
5864,3,raport okresowy qsr,0
5865,35,aktualizacja prognoza wydatek inwestycyjny na 2009 r.,0
5866,35,skonsolidowac raport polroczny,0
5867,9,rejestracja przez sad zmiana w statut,1
5868,9,umorzyc akcja wlasny,1
5869,35,zbycie akcja,0
5870,9,zmiana udzial w ogolny liczba glos,1
5871,9,informacja o dywidenda,1
5872,9,moody's podtrzymywac rating na zmienic poziom,1
5873,35,vabycie prawic do transmisja ligii mistrz w sezon 2009/2010  2010/2011  2011/2012,0
5874,35,akcjonariusz posiadajacy co malo po 5  ogolny liczba glos na w zastepstwie 15 maja 2009 r.,0
5875,35,tresc uchwala podjac przez zwz w dzien 15 maja 2009 r.,0
5876,35,dywidenda 0 57 zloty za akcja zaaprobowac przez zwza,0
5877,35,powolanie czlonek rad nadzorczy,0
5878,3,raport okresowy qsr,1
5879,9,prognoza wydatek inwestycyjny na 2009 r.,1
5880,9,zmiana sklad zarzad,1
5881,35,tresc projekt uchwala na zwz zwolac na dzien 15 maja 2009 r.,0
5882,35,obnizenie rating kredytowy,0
5883,35,data zwza,0
5884,35,pprawozdanie pro forma,0
5885,35,umowa w sprawa zwiekszenie udzial w neovision holding b.v do 51 ,0
5886,26,transakcja na akcja,0
5887,9,zakonczenie drugie etap program nabycie akcja wlasny,1
5888,9,korekta raport kwartalne oraz jednostkowy i skonsolidowac roczny,1
5889,9,informacja o nabycie akcja wlasny,1
5890,9,ramowy porozumienie w sprawa zwiekszenie udzial w neovision holding b.v,1
5891,9,umowa sublicencyjna z iti neovision sp. z o.o.,1
5892,12,nabycie akcja wlasny,0
5893,12,nabycie akcja wlasny,0
5894,35,zawarcie dlugoterminowy umowy o przedluzenie wspolpraca z cyfrowy polsatem,0
5895,9,proponowac wysokosc dywidenda z zysk osiagnac w 2008 r.,1
5896,9,skonsolidowac raport roczny,1
5897,9,raport roczny,1
5898,3,raport okresowy qsr,1
5899,9,informacja o nabycie akcja wlasny,1
5900,9,korekta informacja o zbycie akcja spolka,1
5901,9,informacja o nabycie akcja wlasny,1
5902,9,oglaszac rozpoczecie drugie etap program nabycie akcja wlasny,1
5903,9,termin publikacja raport okresowy,1
5904,9,zakonczenie pierwsze etap program nabycie akcja wlasny,1
5905,9,informacja o nabycie akcja wlasny,1
5906,12,nabycie akcja wlasny,1
5907,35,wykaz raport biezacy i okresowy przekazac w 2008 r.,0
5908,35,zbycie akcja spolka przez osoba pelnic funkcja kierowniczy,0
5909,35,informacja o zbycie akcja,0
5910,35,nabycie akcja wlasny w rama pierwsze etap program nabycie akcja,0
5911,35,umowa z warner bros. international television distribution inc.,0
5912,35,podwyzszenie kapital zakladowy w spolka,0
5913,9,informacja o nabycie akcja wlasny,1
5914,35,informacja o zbycie akcja,0
5915,12,nabycie akcja wlasny,1
5916,9,zawarcie umowy licencyjny z paramount pictures,1
5917,9,informacja o nabycie oraz zbycie akcja spolka,1
5918,35,informacja o nabycie oraz zbycie akcja spolka,0
5919,35,nabycie akcja w rama pierwsze etap program nabycie akcja wlasny,0
5920,35,przeglad rating spolka,0
5921,35,transakcja zakup i sprzedaz akcja przez czlonek rad nadzorczy,0
5922,12,nabycie akcja wlasny,0
5923,35,potwierdzenie dotychczasowy ocena ratingowy,0
5924,35,uzupelnienie informacja dotyczyc korekta prognoza na rok 2008,0
5925,35,program nabycie akcja wlasny   rozpoczecie realizacja,0
5926,35,podwyzszenie kapital zakladowy w spolka,0
5927,9,podwyzszenie prognoza na rok 2008,1
5928,9,tresc projekt uchwala na nwz na 30 pazdziernik 2008 r.,1
5929,9,zawiazac przez onet.pl spolka sunweb,1
5930,9,podwyzszenie kapital zakladowy,1
5931,35,zbycie akcja   korekta,0
5932,35,zbycie akcja spolka przez osoba zobowiazana,0
5933,35,zwolanie nwz spolka,0
5934,9,zbycie akcja przez osoba zobowiazana,1
5935,35,informacja o zbycie akcja spolka,0
5936,9,informacja o nabycie oraz zbycie akcja,1
5937,35,informacja o zbycie akcja spolka,0
5938,35,podwyzszenie kapital zakladowy,0
5939,35,informacja o nabycie oraz zbycie akcja spolka,0
5940,35,zbycie akcja przez osoba pelnic funkcja kierowniczy,0
5941,35,podwyzszenie kapital zakladowy,0
5942,35,informacja o kupno akcja spolka,0
5943,35,transakcja na akcja spolka zawrzec przez osoba zobowiazana,0
5944,35,kupno akcja przez osoba z kierownictwo,0
5945,9,informacja o sprzedaz akcja spolka,1
5946,26,transakcja na akcja,0
5947,26,transakcja na akcja,0
5948,9,informacja o zakup akcja,1
5949,35,program nabycie akcja wlasny,0
5950,3,raport okresowy qsr,0
5951,35,rozszerzyc skonsolidowac raport polroczny,0
5952,9,podwyzszenie kapital zakladowy w spolka,1
5953,35,informacja o sprzedaz akcja spolka,0
5954,35,informacja o zakup akcja,0
5955,9,informacja o zakup akcja oraz o sprzedaz akcja,1
5956,9,zawarcie umowy kredytowy z bank pekao,1
5957,35,podwyzszenie kapital zakladowy w spolka,0
5958,35,zakup i sprzedaz akcja przez osoba pelnic w struktura,0
5959,35,sprzedaz akcja spolka przez osoba pelnic funkcja w struktura emitent,0
5960,35,zakonczenie nabycie 25  udzial plus 1 udzial polski cyfrowy platforma 'n',0
5961,35,informacja o sprzedaz akcja,0
5962,35,emisja obligacja,0
5963,35,zakup i sprzedaz akcja spolka przez osoba zalezny,0
5964,35,transakcja kupno akcja spolka,0
5965,9,informacja o sprzedaz akcja spolka,1
5966,9,podwyzszenie kapital zakladowy,1
5967,9,informacja o sprzedaz akcja spolka,1
5968,41,sprzedaz akcja przez osoba z kierownictwo,1
5969,9,informacja o laczny kwota przeznaczyc na wyplata dywidenda,1
5970,9,informacja o zakup akcja,1
5971,39,informacja o liczba akcja wprowadzic do obrot gieldowy,1
5972,9,informacja o zakupie/sprzedazy akcja,1
5973,35,informacja o liczba akcja wprowadzic do obrot gieldowy,0
5974,9,informacja o zakup akcja,1
5975,9,program emisja obligacja,1
5976,39,informacja o liczba akcja wprowadzic do obrot gieldowy,1
5977,9,zakup akcja przez osoba z kierownictwo,1
5978,9,liczbia akcja wprowadzic do obrot gieldowy,1
5979,9,zakup akcja przez czlonek rad nadzorczy spolka,1
5980,9,liczba akcja wprowadzic do obrot gieldowy,1
5981,35,informacja o zakup akcja,0
5982,11,informowac,1
5983,9,liczba akcja wprowadzic do obrot gieldowy,1
5984,9,informacja o kupno akcja przez osoba pelnic w struktura spolka,1
5985,9,zawarcie porozumienie w sprawa nabycie udzial neovision holding b.v.  amsterdam,1
5986,39,informacja o liczba akcja wprowadzic do obrot gieldowy,1
5987,39,informacja o liczba akcja wprowadzic do obrot gieldowy,1
5988,35,akcjonariusz   co malo po 5  na nwza w dzien 9.05.2008 r.,0
5989,3,raport okresowy qsr,1
5990,9,informacja o kupno i sprzedaz akcja,1
5991,35,uchwala podjac przez zwz,0
5992,35,powolanie nowy czlonek do rad nadzorczy,0
5993,35,informacja o liczba akcja wprowadzic do obrot gieldowy,0
5994,9,podwyzszenie kapital zakladowy w spolka,1
5995,35,transakcja na akcja zawrzec przez osoba pelnic funkcja kierowniczy,0
5996,35,informacja o liczba akcja wprowadzic do obrot gieldowy,0
5997,35,projekt uchwala na zwz zwolac na 9 maja 2008 r.,0
5998,35,informacja o liczba akcja wprowadzic do obrot gieldowy,0
5999,9,liczba akcja w obrot,1
6000,9,podwyzszenie kapital zakladowy,1
6001,39,informacja o liczba akcja wprowadzic do obrot gieldowy,1
6002,35,data zwz,0
6003,9,liczba akcja wprowadzic do obrot gieldowy,1
6004,9,informacja o kupno akcja spolka przez czlonek zarzad,1
6005,9,liczba akcja wprowadzic do obrot,1
6006,35,informacja o kupno akcja spolka przez czlonek zarzad,0
6007,39,informacja o liczba akcja wprowadzic do obrot gieldowy,1
6008,35,sprzedaz akcja spolka przez osoba pelnic w struktura emitent,0
6009,35,podwyzszenie kapital zakladowy w spolka,0
6010,9,transakcja na akcja,1
6011,9,liczba akcja wprowadzic do obrot gieldowy,1
6012,9,informacja o sprzedaz akcja przez czlonek zarzad,1
6013,9,zakup akcja przez czlonek zarzad spolka,1
6014,9,dopuscic i wprowadzenie do obrot gieldowy akcja seria e3,1
6015,35,informacja o liczba akcja wprowadzic do obrot gieldowy,0
6016,35,zakup i sprzedaz akcja przez czlonek zarzad,0
6017,9,informacja o zakup akcja przez czlonek zarzad,1
6018,9,informacja o sprzedaz akcja spolka,1
6019,39,informacja o liczba akcja wprowadzic do obrot gieldowy,1
6020,9,sprzedaz akcja przez czlonek zarzad,1
6021,35,liczba akcja wprowadzic do obrot,0
6022,35,sprzedaz akcja spolka przez osoba pelnic funkcja kierowniczy,0
6023,9,informacja o zakup akcja spolka,1
6024,39,informacja o liczba akcja wprowadzic do obrot gieldowy,1
6025,9,informacja o zakup akcja,1
6026,35,informacja o kupno i sprzedaz akcja spolka przez osoba zobowiazana,0
6027,39,informacja o liczba akcja wprowadzic do obrot gieldowy,1
6028,9,informacja o przyjecie akcja do kdpw akcja zwykly na okaziciel seria e3,1
6029,9,transakcja sprzedaz akcja przez czlonek rad nadzorczy,1
6030,9,liczba akcja wprowadzic do obrot gieldowy,1
6031,35,informacja o liczba akcja wprowadzic do obrot gieldowy,0
6032,35,uzupelnienie informacja dotyczyc prognoza na rok 2008,0
6033,9,transakcja zawrzec przez osoba maic dostep do informacja poufny,1
6034,35,informacja o liczba akcja wprowadzic do obrot gieldowy,0
6035,18,transakcja sprzedaz akcja spolka,0
6036,35,informacja o liczba akcja wprowadzic do obrot gieldowy,0
6037,35,zakup akcja przez osoba z kierownictwo,0
6038,9,informacja o zmniejszenie stan posiadac akcja,1
6039,18,transakcja sprzedaz akcja spolka,1
6040,9,transakcja kupno akcja przez czlonek rad nadzorczy,1
6041,35,sprzedaz akcja przez osoba pelnic funkcja kierowniczy,0
6042,35,korekta raport kwartalne za czwarty kwartal 2007 r.,0
6043,35,prognoza na 2008 r.,0
6044,35,skonsolidowac raport roczny,0
6045,35,raport roczny,0
6046,35,prognoza na 2008 r.,0
6047,3,raport okresowy qsr,0
6048,35,powolanie nowe czlonek rad nadzorczy,0
6049,35,podwyzszenie kapital zakladowy w spolka,0
6050,9,liczba akcja wprowadzic do obrot gieldowy,1
6051,35,termin publikacja raport okresowy w 2008 rok,0
6052,9,podwyzszenie kapital zakladowy w spolka,1
6053,39,informacja o liczba akcja wprowadzic do obrot gieldowy,1
6054,35,rezygnacja czlonek rad nadzorczy,0
6055,35,informacja o liczba akcja wprowadzic do obrot gieldowy,0
6056,9,transakcja sprzedaz akcja,1
6057,9,informacja o dopuscic i wprowadzenie do obrot gieldowy akcja seria c2,1
6058,9,podwyzszenie kapital zakladowy,1
6059,9,raport biezacy i okresowy przekazac do publiczny wiadomosci w 2007 r.,1
6060,9,transakcja sprzedaz akcja,1
6061,9,rejestracja polaczenie spolka z turbo sp. z o.o.,1
6062,9,korekta numeracja raport 243/2007 i 244/2007,1
6063,39,informacja o liczba akcja wprowadzic do obrot gieldowy,1
6064,9,zmiana stan posiadac akcja spolka,1
6065,35,informacja o liczba akcja wprowadzic do obrot gieldowy,0
6066,35,transakcja kupno i sprzedaz akcja,0
6067,35,informacja o liczba akcja wprowadzic do obrot gieldowy,0
6068,39,informacja o liczba akcja wprowadzic do obrot gieldowy,1
6069,9,transakcja sprzedaz akcja,1
6070,35,wyznaczyc biegly rewident,0
6071,35,transakcja kupno i sprzedaz akcja przez podmiot powiazac,0
6072,9,transakcja sprzedaz akcja przez czlonek zarzad,1
6073,35,przyjecie akcja do kdpw,0
6074,9,transakcja kupno i sprzedaz akcja spolka,1
6075,9,transakcja osoba pelnic w struktura emitent funkcja kierowniczy,1
6076,35,sprzedaz akcja przez osoba z kierownictwo,0
6077,35,liczba akcja wprowadzic do obrot gieldowy,0
6078,35,transakcja sprzedaz akcja spolka przez czlonek zarzad,0
6079,35,sprzedaz akcja przez osoba z kierownictwo,0
6080,18,transakcja sprzedaz akcja spolka,0
6081,35,transakcja sprzedaz akcja,0
6082,9,transakcja osoba pelnic funkcja kierowniczy,1
6083,35,wykaz akcjonariusz posiadajacy na nwz w dzien 20 listopad 2007 r.,0
6084,18,transakcja sprzedaz akcja spolka,0
6085,9,informacja o zmniejszenie stan posiadac spolka,1
6086,39,informacja o liczba akcja wprowadzic do obrot gieldowy,1
6087,9,transakcja sprzedaz akcja spolka przez czlonek zarzad,1
6088,35,podwyzszenie ocena ratingowy przez agencja moody's investor service,0
6089,35,transakcja sprzedaz akcja przez czlonek zarzad,0
6090,35,sprzedaz akcja przez osoba z kierownictwo,0
6091,9,transakcja sprzedaz akcja spolka przez osoba pelnic w struktura emitent,1
6092,9,uchwala podjac przez nwz,1
6093,9,transakcja sprzedaz akcja spolka przez czlonek zarzad,1
6094,18,transakcja sprzedaz akcja spolka,1
6095,35,transakcja sprzedaz akcja przez osoba zalezny,0
6096,18,transakcja sprzedaz akcja spolka,1
6097,35,informacja o liczba akcja wprowadzic do obrot gieldowy,0
6098,35,transakcja sprzedaz akcja,0
6099,35,podwyzszenie kapital zakladowy,0
6100,35,lnformacja o liczba akcja wprowadzic do obrot gieldowy,0
6101,9,projekt uchwala na nwz w dzien 20 listopad 2007 r.,1
6102,39,informacja o liczba akcja wprowadzic do obrot gieldowy,1
6103,18,transakcja sprzedaz akcja spolka,1
6104,3,raport okresowy qsr,1
6105,9,podwyzszenie kapital zakladowy,1
6106,9,data nwz,1
6107,26,transakcja na akcja,0
6108,35,aktualizacja prognoza wynik 2007 r.,0
6109,35,informacja o liczba akcja wprowadzic do obrot gieldowy,0
6110,9,transakcja zakup i sprzedaz akcja przez osoba pelnic w struktura,1
6111,9,transakcja sprzedaz akcja przez czlonek zarzad,1
6112,18,transakcja sprzedaz akcja spolka,1
6113,39,informacja o liczba akcja wprowadzic do obrot gieldowy,1
6114,35,transakcja sprzedaz akcja przez podmiot powiazac z czlonek zarzad,0
6115,35,informacja o liczba akcja wprowadzic do obrot gieldowy,0
6116,9,podwyzszenie kapital zakladowy,1
6117,39,informacja o liczba akcja wprowadzic do obrot gieldowy,1
6118,9,transakcja sprzedaz akcja przez czlonek zarzad spolka,1
6119,18,transakcja sprzedaz akcja spolka,0
6120,18,transakcja sprzedaz akcja spolka,0
6121,9,transakcja zakup akcja spolka,1
6122,35,liczba akcja wprowadzic do obrot gieldowy,0
6123,35,transakcja na akcja dokonany przez osoba pelnic funkcja kierowniczy,0
6124,9,transakcja sprzedaz akcja przez czlonek zarzad,1
6125,9,korekta do raport 142/2007   transakcja kupno i sprzedaz akcja,1
6126,9,podwyzszenie kapital zakladowy,1
6127,9,korekta do raport 173/2007,1
6128,9,transakcja sprzedaz akcja przez czlonek zarzad,1
6129,35,liczba akcja wprowadzic do obrot gieldowy,0
6130,35,transakcja sprzedaz akcja przez osoba maic dostep do informacja poufny,0
6131,9,postepowanie likwidacyjnegpolish television finance corporation b.v.,1
6132,18,transakcja sprzedaz akcja spolka,1
6133,35,rejestracja akcja w krajowy depozyt papier wartosciowy,0
6134,18,transakcja sprzedaz akcja spolka,0
6135,9,transakcja sprzedaz akcja przez czlonek zarzad,1
6136,35,nabycie akcja przez osoba maic dostep do informacja poufny,0
6137,35,transakcja sprzedaz akcja przez osoba pelnic funkcja kierowniczy,0
6138,18,transakcja sprzedaz akcja spolka,0
6139,35,sprzedaz akcja przez osoba pelnic funkcja kierowniczy,0
6140,18,transakcja sprzedaz akcja spolka,0
6141,18,transakcja sprzedaz akcja spolka,0
6142,9,transakcja sprzedaz akcja,1
6143,35,zarejestrowac akcja w kdpw,0
6144,35,zalacznik do plan polaczenie z turbo sp. z o.o.,0
6145,9,rozszerzyc skonsolidowac raport polroczny,1
6146,3,raport okresowy qsr,1
6147,9,objecie udzial w podwyzszyc kapital zakladowy spolka thema film sp. z o.o.,1
6148,35,podwyzszenie kapital zakladowy,0
6149,9,informacja o zarejestrowac akcja w kdpw,1
6150,35,rejestracja akcja w kdpw,0
6151,35,decyzja o zamiar polaczenie spolka z turbo sp. z o.o.,0
6152,9,informacja o zarejestrowac akcja w kdpw,1
6153,35,korekta raport 151/2007   spelnienie warunek nabycie udzial mango media,0
6154,35,zarejestrowac akcja w kdpw,0
6155,35,spelnienie warunek nabycie udzial spolka mango media spolka z o.o.,0
6156,35,transakcja zakup akcja spolka przez czlonek zarzad,0
6157,18,transakcja sprzedaz akcja spolka,0
6158,9,skorygowac raport 144/2007 z dzien 29 czerwiec 2007 r.,1
6159,9,transakcja sprzedaz akcja przez osoba powiazac,1
6160,35,transakcja na akcja spolka przez osoba pelnic funkcja w struktura emitent,0
6161,18,transakcja sprzedaz akcja spolka,0
6162,36,informacja o zarejestrowac akcja w kdpw,0
6163,35,transakcja zakup i sprzedaz akcja,0
6164,35,transakcja kupno i sprzedaz przez czlonek zarzad,0
6165,36,informacja o zarejestrowac akcja w kdpw,0
6166,35,zarejestrowac akcja w krajowy depozyt papier wartosciowy,0
6167,9,transakcja sprzedaz akcja,1
6168,9,informacja o zarejestrowac akcja w kdpw,1
6169,9,transakcja sprzedaz akcja,1
6170,9,transakcja sprzedaz akcja spolka przez czlonek zarzad,1
6171,9,transakcja sprzedaz akcja spolka przez czlonek zarzad,1
6172,36,informacja o zarejestrowac akcja w kdpw,0
6173,35,transakcja zakup i sprzedaz akcja,0
6174,35,podwyzszenie kapital zakladowy w spolka,0
6175,9,transakcja osob pelnic w struktura emitent funkcja kierowniczy,1
6176,35,zarejestrowac akcja w krajowy depozyt papier wartosciowy,0
6177,36,informacja o zarejestrowac akcja w kdpw,0
6178,35,transakcja zakup akcja spolka przez czlonek zarzad,0
6179,9,zarejestrowac akcja w krajowy depozyt papier wartosciowy,1
6180,9,transakcja kupno akcja spolka,1
6181,9,podwyzszenie kapital zakladowy w spolka,1
6182,18,transakcja sprzedaz akcja spolka,1
6183,9,informacja o zarejestrowac akcja w kdpw,1
6184,9,transakcja zakup i sprzedaz akcja spolka,1
6185,9,laczny kwota przeznaczyc na wyplata dywidenda,1
6186,9,informacja o zarejestrowac akcja w kdpw,1
6187,9,transakcja zakup akcja spolka przez czlonek zarzad,1
6188,36,informacja o zarejestrowac akcja w kdpw,0
6189,35,transakcja kupno akcja przez czlonek zarzad,0
6190,35,transakcja kupno i sprzedaz akcja przez osoba pelnic funkcja kierowniczy,0
6191,9,transakcja kupno akcja,1
6192,9,informacja o zarejestrowac akcja w kdpw,1
6193,36,informacja o zarejestrowac akcja w kdpw,0
6194,35,transakcja kupno akcja przez czlonek zarzad,0
6195,35,transakcja kupno i sprzedaz akcja przez osoba pelnic funkcja kierowniczy,0
6196,9,informacja o zarejestrowac akcja w kdpw,1
6197,9,transakcja kupno akcja,1
6198,9,informacja o zarejestrowac akcja w kdpw,1
6199,9,transakcja kupno i sprzedaz akcja,1
6200,35,transakcja kupno akcja,0
6201,35,transakcja kupno akcja spolka,0
6202,36,informacja o zarejestrowac akcja w kdpw,0
6203,36,informacja o zarejestrowac akcja w kdpw,0
6204,35,transakcja kupno akcja spolka,0
6205,35,nabycie udzial spolka mango media sp. z o.o.,0
6206,35,transakcja kupno i sprzedaz akcja,0
6207,35,zarejestrowac akcja w kdpw,0
6208,9,informacja o zarejestrowac akcja w kdpw,1
6209,9,informacja o zarejestrowac akcja w kdpw,1
6210,9,transakcja zakup akcja przez osoba zobowiazana,1
6211,9,informacja o zarejestrowac akcja w kdpw,1
6212,36,informacja o zarejestrowac akcja w kdpw,0
6213,9,akcjonariusz posiadajacy co malo po 5  ogolny liczba glos na wza,1
6214,9,informacja o zarejestrowac akcja w kdpw,1
6215,9,zmiana termin publikacja raport okresowy za 2007r.,1
6216,3,raport okresowy qsr,1
6217,35,uchwala podjac przez zwyczajny walny zgromadzenie,0
6218,35,powolanie nowy czlonek do rad nadzorczy,0
6219,35,zarejestrowac akcja w krajowy depozyt papier wartosciowy,0
6220,9,informacja o zarejestrowac akcja w kdpw,1
6221,9,powolanie czlonek zarzad,1
6222,9,informacja o zarejestrowac akcja w kdpw,1
6223,9,informacja o zarejestrowac akcja w kdpw,1
6224,9,zarejestrowac akcja w krajowy depozyt papier wartosciowy,1
6225,35,zarejestrowac akcja w krajowy depozyt papier wartosciowy,0
6226,35,tresc projekt uchwala na zwz zwolac na dzien 11 maja 2007 r.,0
6227,36,informacja o zarejestrowac akcja w kdpw,0
6228,9,informacja o zarejestrowac akcja w kdpw,1
6229,9,informacja o zarejestrowac akcja w kdpw,1
6230,9,zwolanie zwyczajny walny zgromadzenie,1
6231,9,rejestracja podwyzszenie kapital zakladowy w spolka,1
6232,36,informacja o zarejestrowac akcja w kdpw,0
6233,35,zarejestrowac akcja w krajowy depozyt papier wartosciowy,0
6234,35,transakcja kupno i sprzedaz,0
6235,36,informacja o zarejestrowac akcja w kdpw,0
6236,9,transakcja kupno i sprzedaz,1
6237,9,informacja o zarejestrowac akcja w krajowy depozyt papier wartosciowy,1
6238,35,transakcja kupno i sprzedaz akcja przez czlonek zarzad,0
6239,9,dopuscic i wprowadzenie do obrot akcja seria e2,1
6240,9,transakcja czlonek rn oraz osoba pelnic funkcja kierowniczy,1
6241,9,transakcja sprzedaz akcja przez czlonek rad nadzorczy,1
6242,9,informacja o zarejestrowac akcja w kdpw,1
6243,9,informacja o zarejestrowac akcja w kdpw,1
6244,35,transakcja kupno akcja przez czlonek rad nadzorczy,0
6245,36,informacja o zarejestrowac akcja w kdpw,0
6246,36,informacja o zarejestrowac akcja w kdpw,0
6247,35,transakcja kupno i sprzedaz akcja przez czlonek zarzad,0
6248,35,transakcja kupno i sprzedaz akcja przez czlonek zarzad,0
6249,36,informacja o zarejestrowac akcja w kdpw,0
6250,35,transakcja sprzedaz i kupno akcja spolka,0
6251,35,transakcja kupno i sprzedaz akcja przez czlonek zarzad,0
6252,9,podwyzszenie kapital zakladowy z spolka,1
6253,9,transakcja na akcja spolka zawrzec przez osoba pelnic funkcja kierowniczy,1
6254,9,zarejestrowac w kdpw akcja zwykly na okaziciel seria e2 spolka,1
6255,9,zarejestrowac akcja w krajowy depozyt papier wartosciowy,1
6256,9,transakcja zawrzec przez osoba pelnic funkcja kierowniczy,1
6257,9,informacja o zarejestrowac akcja w kdpw,1
6258,36,informacja o zarejestrowac akcja w kdpw,0
6259,35,powolanie nowe czlonek rad nadzorczy,0
6260,18,transakcja sprzedaz akcja spolka,0
6261,35,informacja o zarejestrowac akcja w krajowy depozyt papier,0
6262,9,informacja o zarejestrowac akcja w kdpw,1
6263,9,transakcja sprzedaz akcja spolka przez podmiot powiazac z czlonek rn,1
6264,35,transakcja sprzedaz akcja przez osoba pelnic funkcja kierowniczy,0
6265,36,informacja o zarejestrowac akcja w kdpw,0
6266,35,transakcja sprzedaz akcja przez osoba pelnic funkcja kierowniczy,0
6267,9,informacja o zarejestrowac akcja w kdpw,1
6268,36,informacja o zarejestrowac akcja w kdpw,0
6269,36,informacja o zarejestrowac akcja w kdpw,0
6270,35,transakcja zakup i sprzedaz akcja,0
6271,36,informacja o zarejestrowac akcja w kdpw,0
6272,36,informacja o zarejestrowac akcja w kdpw,0
6273,9,powolanie nowy czlonek do rad nadzorczy,1
6274,9,informacja o zarejestrowac akcja w kdpw,1
6275,9,zarejestrowac akcja w krajowy depozyt papier wartosciowy,1
6276,9,transakcja zakup akcja,1
6277,9,informacja o zarejestrowac akcja w kdpw,1
6278,35,transakcja zakup i sprzedaz akcja,0
6279,36,informacja o zarejestrowac akcja w kdpw,0
6280,9,informacja o zarejestrowac akcja w kdpw,1
6281,9,transakcja zakup akcja przez osoba pelnic funkcja kierowniczy,1
6282,35,zamiar zlozenie rezygnacja oraz rezygnacja czlonek rad nadzorczy,0
6283,36,informacja o zarejestrowac akcja w kdpw,0
6284,9,informacja o zarejestrowac akcja w kdpw,1
6285,9,transakcja sprzedaz akcja przez podmiot powiazac z czlonek rn,1
6286,9,transakcja sprzedaz akcja spolka przez podmiot powiazac z czlonek rn,1
6287,9,informacja o zarejestrowac akcja w kdpw,1
6288,9,informacja o zarejestrowac akcja w kdpw,1
6289,9,transakcja sprzedaz akcja spolka przez podmiot powiazac z czlonek rn,1
6290,35,skonsolidowac raport roczny,0
6291,35,korekta skonsolidowac raport roczny kapitalowy za 2006 r.,0
6292,35,informacja o zarejestrowac akcja seria e1 w kdpw,0
6293,35,prognoza na rok 2007,0
6294,35,skonsolidowac raport roczny,0
6295,35,raport roczny,0
6296,3,raport okresowy qsr,0
6297,35,informacja o zarejestrowac akcja seria e1 w kdpw,0
6298,35,informacja o dopuscic i wprowadzenie do obrot gieldowy akcja,0
6299,9,informacja o zarejestrowac akcja seria e1 w kdpw,1
6300,35,informacja o zarejestrowac akcja seria e1 w kdpw,0
6301,9,informacja o zarejestrowac akcja seria e1 w kdpw,1
6302,9,informacja o zarejestrowac akcja seria c1 w kdpw,1
6303,9,informacja o zarejestrowac akcja seria e1 w kdpw,1
6304,9,informacja o zarejestrowac akcja seria e1 w kdpw,1
6305,9,zarejestrowac akcja seria e1 w krajowy depozyt papier wartosciowy,1
6306,9,akcjonariusz posiadajacy co malo po 5  ogolny liczba glos na nwza,1
6307,35,transakcja zakup akcja przez osoba pelnic funkcja kierowniczy,0
6308,35,uchwala podjac przez nadzwyczajny walny zgromadzenie spolka,0
6309,35,informacja o zarejestrowac akcja seria e1 w kdpw,0
6310,35,informacja o dopuscic i wprowadzenie do obrot gieldowy akcja seria e1,0
6311,9,informacja o zmiana uchwala kdpw,1
6312,9,tresc projekt uchwala na nwza w dzien 30 styczen 2007 r.,1
6313,9,data nwz,1
6314,9,wykaz raport biezacy i okresowy przekazac do publiczny wiadomosci w 2006 r.,1
6315,9,termin publikacja raport okresowy w 2007 r.,1
6316,9,rejestracja polaczenie z spolka tvn 24 sp. z o.o.,1
6317,35,29 grudzien 2006 r.   dzien podzial i oznaczenie akcja,0
6318,9,zmiana wartosc nominalny i liczba akcja spolka,1
6319,35,informacja o zarejestrowac w kdpw akcja seria e1,0
6320,35,zakonczenie subskrypcja warrant subskrypcyjny seria e1,0
6321,9,wyznaczyc biegly rewident do badanie sprawozdanie finansowy spolka,1
6322,35,transakcja sprzedaz akcja przez podmiot powiazac z czlonek rn,0
6323,35,transakcja sprzedaz akcja przez podmiot powiazac z czlonek rn,0
6324,9,transakcja sprzedaz akcja przez podmiot powiazac z czlonek rn,1
6325,9,akcjonariusz posiadajacy co malo po 5  ogolny liczba glos na nwza,1
6326,9,transakcja sprzedaz akcja spolka przez podmiot powiazac z czlonek rn,1
6327,35,uchwala podjac przez nwz,0
6328,35,tresc projekt uchwala na nwza w dzien 29 listopad 2006 r.,0
6329,9,sprzedaz akcja przez podmiot powiazac z czlonek rn,1
6330,35,transakcja sprzedaz akcjispolki przez podmiot powiazac,0
6331,35,transakcja sprzedaz akcja,0
6332,3,raport okresowy qsr,1
6333,9,korekta prognoza niektory wynik za 2006 r.,1
6334,35,data nadzwyczajny walny zgromadzenie,0
6335,9,zarejestrowac w kdpw akcja zwykly na okaziciel seria d oraz asymilacja ten akcja,1
6336,9,podwyzszenie ocena ratingowy przez agencja moody`s investor service,1
6337,9,informacja o wprowadzenie do obrot gieldowy akcja zwykly na okaziciel seria d,1
6338,35,warunkowe podwyzszenie kapital zakladowy,0
6339,35,informacja o przyjecie do kdpw akcja zwykly na okaziciel,0
6340,35,sprzedaz akcja przez podmiot powiazac z czlonek rn,0
6341,35,akcjonariusz posiadajacy co malo po 5  ogolny liczba glos na nwz,0
6342,35,uchwala podjac przez nwz,0
6343,9,transakcja zakup akcja przez czlonek rn oraz podmiot powiazac z rn spolka,1
6344,35,nabycie akcja onet.pl,0
6345,35,tresc projekt uchwala na nwza w dzien 26 wrzesnia 2006 r.,0
6346,9,zawarcie znaczacy umowy z eutelsat,1
6347,9,zawarcie znaczacy umowy z eutelsat,1
6348,35,transakcja sprzedaz akcja przez podmiot powiazac z czlonek rn,0
6349,9,data nwz,1
6350,9,zwiekszenie ogolny liczba akcja posiadac przez iti,1
6351,35,podwyzszenie kapital zakladowy w spolka,0
6352,35,rozwiazanie umowic najem i zawarcie umowy najem powierzchni biurowy,0
6353,35,zawarcie umowy licencyjny z stowarzyszenie autor zaiks,0
6354,35,zmiana wysoki kwota zabezpieczenie zastaw rejestrowy,0
6355,3,raport okresowy qsr,1
6356,9,korekta raport kwartalne za ii kw. 2006 r.,1
6357,9,zalacznik do plan polaczenie z tvn 24 sp. z o.o.,1
6358,9,skonsolidowac raport polroczny,1
6359,3,raport okresowy qsr,1
6360,9,korekta prognoza wynik za 2006 r.,1
6361,35,powolanie trzy nowy czlonek zarzad,0
6362,35,plan polaczenie z tvn 24 sp. z o.o.,0
6363,35,akcjonariusz posiadajacy co malo po 5  ogolny liczba glos na wza,0
6364,9,wybor dziewiec czlonek rad nadzorczy podjac przez zwz,1
6365,9,uchwala podjac przez zwyczajny walny zgromadzenie,1
6366,9,zalozenie dotyczyc wzrost rynek reklama internetowy i ebitda,1
6367,9,zakup akcja przez czlonek rad nadzorczy,1
6368,35,transakcja zakup akcja przez czlonek rad nadzorczy,0
6369,35,transakcja zakup akcja spolki przez czlonek rad nadzorczy,0
6370,9,tresc projekt uchwala na wza w dzien 8 czerwiec 2006 r.,1
6371,9,korekta raport numer 12/2006 z dzien 29 maja 2006 r.,1
6372,9,znaczacy umowa z iti media group n.v.,1
6373,9,data walny zgromadzenie akcjonariusz,1
6374,3,raport okresowy qsr,1
6375,35,raport roczny,0
6376,35,korekta raport roczny za 2005 r.,0
6377,9,wykaz raport biezacy i okresowy przekazac do publiczny wiadomosci w 2005 r.,1
6378,9,moody's investor services podwyzszac perspektywa utrzymanie ocena kredytowy do pozytywny,1
6379,35,raport roczny skonsolidowac,0
6380,35,raport roczny,0
6381,35,zawarcie znaczacy umowy z warner brothers international television,0
6382,35,prognoza na rok 2006,0
6383,35,zawarcie znaczacy umowy z omd poland sp. z o.o.,0
6384,3,raport okresowy qsr,0
6385,35,wstepne wynik za 2005 r.,0
6386,35,transakcja sprzedaz akcja spolka przez czlonek rad nadzorczy,0
6387,35,transakcja kupno akcja spolka przez czlonek rad nadzorczy,0
6388,27,termin publikacja raport okresowy,0
6389,35,uchwala rad nadzorczy w sprawa program motywacyjny,0
6390,35,sprzedaz akcja przez czlonek rad nadzorczy,0
6391,9,nabycie udzial spolka ntl ted sp. z o.o.,1
6392,35,transakcja sprzedaz akcja spolka przez czlonek rad nadzorczy,0
6393,35,zmiana liczba akcja zarejestrowac w kdpw,0
6394,35,transakcja sprzedaz akcja spolka przez czlonek rad nadzorczy,0
6395,35,zawarcie znaczacy umowy,0
6396,3,raport okresowy qsr,0
6397,35,umorzyc akcja wlasny i rejestracja przez sad zmiana wysokosc kapital,0
6398,35,ustanowic zastaw na zbior rzecz ruchomy i prawic,0
6399,35,akcjonariusz posiadajacy co malo po 5  ogolny liczba glos na nwza,0
6400,9,uchwala podjac przez nwza,1
6401,35,tresc projekt istotny uchwala na nwza w dzien 26 wrzesnia 2005 r.,0
6402,35,sprzedaz akcja przez czlonek rad nadzorczy,0
6403,9,podwyzszenie ocena ratingowy przez agencja standard & poor`s ratings services,1
6404,35,data nwza,0
6405,35,zakup akcja spolka przez czlonek rad nadzorczy,0
6406,12,nabycie akcja wlasny,1
6407,9,liczba akcja zaoferowac w oferta zakup akcja,1
6408,35,podpisac umowy linia kredytowy z bank bph,0
6409,35,oswiadczenie w sprawa zastosowanie lad korporacyjny,0
6410,35,zbycie akcja spolka przez podmiot powiazac z czlonek rn,0
6411,35,zmiana w oferta zakup akcja spolka,0
6412,35,zmiana w oferta zakup akcja spolka,0
